uni_code,name,prov,city,level,kind,nature
1761,七台河职业学院,黑龙江,,普通本科,,公办
4626,三亚中瑞酒店管理职业学院,海南,,民办/独立学院,,民办
4632,三亚城市职业学院,海南,,民办/独立学院,,民办
4615,三亚学院,海南,,民办/独立学院,,民办
8925,三亚护理职业学院,海南,,民办/独立学院,,民办
4637,三亚理工职业学院,海南,,民办/独立学院,,民办
4616,三亚航空旅游职业学院,海南,,民办/独立学院,,民办
4222,三峡大学,湖北,,普通本科,,公办
4286,三峡大学科技学院,湖北,,民办/独立学院,,民办
1846,三峡旅游职业技术学院,湖北,,普通本科,,公办
8348,三峡电力职业学院,湖北,,普通本科,,公办
3563,三明医学科技职业学院,福建,,普通本科,,公办
5575,三明学院,福建,,普通本科,,公办
3297,三江学院,江苏,,民办/独立学院,,民办
1839,三门峡社会管理职业学院,河南,,普通本科,,公办
2200,三门峡职业技术学院,河南,,普通本科,,公办
8457,上海东海职业技术学院,上海,,民办/独立学院,,民办
3175,上海中侨职业技术大学,上海,,民办/独立学院,,民办
2570,上海中医药大学,上海,,普通本科,,公办
3179,上海中华职业技术学院,上海,,普通本科,,民办
3103,上海交通大学,上海,,985,,公办
3151,上海交通大学医学院,上海,,985,,公办
8447,上海交通职业技术学院,上海,,普通本科,,公办
15,上海体育大学,上海,,普通本科,,公办
7113,上海健康医学院,上海,,普通本科,,公办
35,上海公安学院,,,普通本科,,
3125,上海兴伟学院,上海,,民办/独立学院,,民办
8450,上海农林职业技术学院,上海,,普通本科,,公办
3162,上海出版印刷高等专科学校,上海,,普通本科,,公办
7431,上海南湖职业技术学院,上海,,普通本科,,公办
5605,上海商学院,上海,,普通本科,,公办
3163,上海城建职业学院,上海,,普通本科,,公办
3112,上海外国语大学,上海,,211,,公办
3178,上海外国语大学贤达经济人文学院,上海,,民办/独立学院,,民办
3119,上海大学,上海,,211,,公办
1805,上海对外经贸大学,上海,,普通本科,,公办
8458,上海工商外国语职业学院,上海,,民办/独立学院,,民办
8453,上海工商职业技术学院,上海,,民办/独立学院,,民办
3139,上海工程技术大学,上海,,普通本科,,公办
3128,上海工艺美术职业学院,上海,,普通本科,,公办
2390,上海师范大学,上海,,普通本科,,公办
3156,上海师范大学天华学院,上海,,民办/独立学院,,民办
3159,上海应用技术大学,上海,,普通本科,,公办
3124,上海建桥学院,上海,,民办/独立学院,,民办
8465,上海建设管理职业技术学院,上海,,普通本科,,公办
8392,上海思博职业技术学院,上海,,民办/独立学院,,民办
9919,上海戏剧学院,上海,,普通本科,,公办
5610,上海政法学院,上海,,普通本科,,公办
7117,上海旅游高等专科学校,上海,,普通本科,,公办
7608,上海杉达学院,上海,,民办/独立学院,,民办
3173,上海民航职业技术学院,上海,,普通本科,,公办
8388,上海民远职业技术学院,上海,,民办/独立学院,,民办
3123,上海济光职业技术学院,上海,,民办/独立学院,,民办
8880,上海浦东职业技术学院,上海,,普通本科,,公办
2860,上海海事大学,上海,,普通本科,,公办
,上海海事职业技术学院,,,普通本科,,
3121,上海海关学院,上海,,普通本科,,公办
2875,上海海洋大学,上海,,普通本科,,公办
8464,上海现代化工职业学院,上海,,普通本科,,公办
1795,上海理工大学,上海,,普通本科,,公办
3108,上海电力大学,上海,,普通本科,,公办
3149,上海电子信息职业技术学院,上海,,普通本科,,公办
2442,上海电影艺术职业学院,上海,,普通本科,,民办
3145,上海电机学院,上海,,普通本科,,公办
1383,上海科创职业技术学院,上海,,普通本科,,公办
3177,上海科学技术职业学院,上海,,普通本科,,公办
2041,上海科技大学,上海,,普通本科,,公办
2925,上海立信会计金融学院,上海,,普通本科,,公办
2448,上海立达学院,上海,,普通本科,,民办
7501,上海第二工业大学,上海,,普通本科,,公办
2051,上海纽约大学,上海,,普通本科,,中外合作办学
8442,上海行健职业学院,上海,,普通本科,,公办
3141,上海视觉艺术学院,上海,,民办/独立学院,,民办
1445,上海财经大学,上海,,211,,公办
2012,上海财经大学浙江学院,浙江,,民办/独立学院,,民办
8455,上海邦德职业技术学院,上海,,民办/独立学院,,民办
8463,上海闵行职业技术学院,上海,,普通本科,,公办
9832,上海震旦职业学院,上海,,民办/独立学院,,民办
118,上海音乐学院,上海,,普通本科,,公办
8397,上饶卫生健康职业学院,江西,,普通本科,,公办
3610,上饶师范学院,江西,,普通本科,,公办
8398,上饶幼儿师范高等专科学校,江西,,普通本科,,公办
8399,上饶职业技术学院,江西,,普通本科,,公办
2307,东北农业大学,黑龙江,,211,,公办
2105,东北大学,辽宁,,985,,公办
1314,东北大学秦皇岛分校,河北,,985,,公办
1405,东北师范大学,吉林,,211,,公办
1385,东北林业大学,黑龙江,,211,,公办
2235,东北电力大学,吉林,,普通本科,,公办
2375,东北石油大学,黑龙江,,普通本科,,公办
2121,东北财经大学,辽宁,,普通本科,,公办
3107,东华大学,上海,,211,,公办
4275,东华理工大学,江西,,普通本科,,公办
3203,东南大学,江苏,,985,,公办
6607,东南大学成贤学院,江苏,,民办/独立学院,,民办
2183,东莞城市学院,广东,,普通本科,,民办
4412,东莞理工学院,广东,,普通本科,,公办
8723,东莞职业技术学院,广东,,普通本科,,公办
331,东营科技职业学院,山东,,普通本科,,公办
462,东营职业学院,山东,,普通本科,,公办
2530,中北大学,山西,,普通本科,,公办
3100,中华女子学院,北京,,普通本科,,公办
1210,中南大学,湖南,,985,,公办
2800,中南林业科技大学,湖南,,普通本科,,公办
4361,中南林业科技大学涉外学院,湖南,,民办/独立学院,,民办
4215,中南民族大学,湖北,,普通本科,,公办
4223,中南财经政法大学,湖北,,211,,公办
6115,中原工学院,河南,,普通本科,,公办
2627,中原科技学院,,,普通本科,,
110,中国人民公安大学,北京,,普通本科,,公办
2902,中国人民大学,北京,,985,,公办
775,中国人民解放军国防科技大学,湖南,,985,,公办
1408,中国人民解放军空军军医大学,陕西,,211,,公办
1405,中国人民解放军空军工程大学,陕西,,普通本科,,公办
5014,中国人民解放军陆军军医大学,重庆,,普通本科,,公办
1543,中国人民解放军陆军步兵学院,江西,,普通本科,,公办
1311,中国人民警察大学,河北,,普通本科,,公办
1470,中国传媒大学,北京,,211,,公办
1116,中国农业大学,北京,,985,,公办
115,中国刑事警察学院,辽宁,,普通本科,,公办
3035,中国劳动关系学院,北京,,普通本科,,公办
2116,中国医科大学,辽宁,,普通本科,,公办
1335,中国地质大学(北京),北京,,211,,公办
1340,中国地质大学(武汉),湖北,,211,,公办
1137,中国戏曲学院,北京,,普通本科,,公办
1141,中国政法大学,北京,,211,,公办
3060,中国民用航空飞行学院,四川,,普通本科,,公办
2215,中国民航大学,天津,,普通本科,,公办
1330,中国海洋大学,山东,,985,,公办
3085,中国消防救援学院,北京,,普通本科,,公办
1295,中国石油大学(北京),北京,,211,,公办
1296,中国石油大学(北京)克拉玛依校区,新疆,,211,,公办
1300,中国石油大学(华东),山东,,211,,公办
1145,中国矿业大学,北京,,211,,公办
6812,中国矿业大学徐海学院,江苏,,民办/独立学院,,民办
1188,中国社会科学院大学,北京,,普通本科,,公办
3401,中国科学技术大学,安徽,,985,,公办
1900,中国科学院大学,北京,,普通本科,,公办
3309,中国美术学院,浙江,,普通本科,,公办
3219,中国药科大学,江苏,,211,,公办
2290,中国计量大学,浙江,,普通本科,,公办
2891,中国计量大学现代科技学院,浙江,,民办/独立学院,,民办
238,中国音乐学院,,,普通本科,,
2929,中央司法警官学院,河北,,普通本科,,公办
9901,中央戏剧学院,北京,,普通本科,,公办
1100,中央民族大学,北京,,985,,公办
9902,中央美术学院,北京,,普通本科,,公办
1460,中央财经大学,北京,,211,,公办
4401,中山大学,广东,,985,,公办
2924,中山火炬职业技术学院,广东,,普通本科,,公办
2925,中山职业技术学院,广东,,普通本科,,公办
9441,临汾职业技术学院,山西,,普通本科,,公办
,临沂城市职业学院,山东,,民办/独立学院,,民办
4475,临沂大学,山东,,普通本科,,公办
1048,临沂科技职业学院,山东,,普通本科,,公办
,临沂职业学院,山东,,普通本科,,公办
3331,丽水学院,浙江,,普通本科,,公办
8309,丽水职业技术学院,浙江,,普通本科,,公办
5348,丽江师范学院,云南,,普通本科,,公办
5314,丽江文化旅游学院,云南,,民办/独立学院,,民办
8582,义乌工商职业技术学院,浙江,,普通本科,,公办
1413,乌兰察布医学高等专科学校,内蒙古,,普通本科,,公办
2373,乌兰察布职业学院,内蒙古,,普通本科,,公办
1599,乌海职业技术学院,,,普通本科,,
6513,乌鲁木齐职业大学,新疆,,普通本科,,公办
1603,乌鲁木齐职业技术学院,新疆,,普通本科,,公办
5121,乐山师范学院,四川,,普通本科,,公办
5160,乐山职业技术学院,四川,,普通本科,,公办
2329,九州职业技术学院,江苏,,普通本科,,民办
4265,九江学院,江西,,普通本科,,公办
,九江科技职业大学,江西,,民办/独立学院,,民办
3631,九江职业大学,江西,,普通本科,,公办
5374,云南三鑫职业技术学院,云南,,民办/独立学院,,民办
5260,云南中医药大学,云南,,普通本科,,公办
5333,云南交通职业技术学院,云南,,普通本科,,公办
5235,云南农业大学,云南,,普通本科,,公办
5324,云南农业职业技术学院,云南,,普通本科,,公办
5336,云南医药健康职业学院,云南,,民办/独立学院,,民办
5325,云南司法警官职业学院,云南,,普通本科,,公办
5392,云南商务职业学院,云南,,民办/独立学院,,民办
5321,云南国土资源职业学院,云南,,普通本科,,公办
2718,云南国防工业职业技术学院,云南,,普通本科,,公办
5353,云南城市建设职业学院,云南,,民办/独立学院,,民办
2742,云南外事外语职业学院,云南,,民办/独立学院,,民办
5301,云南大学,云南,,211,,公办
5393,云南工业信息职业学院,云南,,普通本科,,公办
5342,云南工商学院,云南,,民办/独立学院,,民办
2715,云南工程职业学院,云南,,民办/独立学院,,民办
5306,云南师范大学,云南,,普通本科,,公办
5329,云南新兴职业学院,云南,,民办/独立学院,,民办
2729,云南旅游职业学院,云南,,普通本科,,公办
5331,云南机电职业技术学院,云南,,普通本科,,公办
9821,云南林业职业技术学院,云南,,普通本科,,公办
5285,云南民族大学,云南,,普通本科,,公办
2738,云南水利水电职业学院,云南,,普通本科,,公办
2740,云南特殊教育职业学院,云南,,普通本科,,公办
5394,云南理工职业学院,云南,,民办/独立学院,,民办
2598,云南科技信息职业学院,,,普通本科,,
5326,云南经济管理学院,云南,,民办/独立学院,,民办
5350,云南经贸外事职业学院,云南,,民办/独立学院,,民办
9223,云南能源职业技术学院,云南,,普通本科,,公办
5308,云南艺术学院,云南,,普通本科,,公办
2844,云南警官学院,云南,,普通本科,,公办
5330,云南财经大学,云南,,普通本科,,公办
9163,云南财经职业学院,云南,,普通本科,,公办
2734,云南轻纺职业学院,云南,,普通本科,,公办
4785,五邑大学,广东,,普通本科,,公办
3612,井冈山大学,江西,,普通本科,,公办
3449,亳州学院,安徽,,普通本科,,公办
154,亳州职业技术学院,,,普通本科,,
4252,仙桃职业学院,湖北,,普通本科,,公办
3509,仰恩大学,福建,,民办/独立学院,,民办
2935,仲恺农业工程学院,广东,,普通本科,,公办
8371,伊春职业学院,黑龙江,,普通本科,,公办
6505,伊犁师范大学,新疆,,普通本科,,公办
1793,伊犁职业技术学院,新疆,,普通本科,,公办
4820,佛山大学,广东,,普通本科,,公办
3700,佳木斯大学,黑龙江,,普通本科,,公办
2375,佳木斯职业学院,黑龙江,,普通本科,,公办
1343,保定学院,河北,,普通本科,,公办
102,保定幼儿师范高等专科学校,河北,,普通本科,,公办
1385,保定理工学院,河北,,民办/独立学院,,民办
1382,保定电力职业技术学院,河北,,普通本科,,公办
103,保定职业技术学院,河北,,普通本科,,公办
5373,保山中医药高等专科学校,云南,,普通本科,,公办
7285,保山学院,云南,,普通本科,,公办
4200000,信息支援部队工程大学,,,普通本科,,
6145,信阳农林学院,河南,,普通本科,,公办
2619,信阳学院,河南,,民办/独立学院,,民办
4169,信阳师范大学,河南,,普通本科,,公办
2573,信阳涉外职业技术学院,河南,,普通本科,,民办
6288,信阳职业技术学院,河南,,普通本科,,公办
2768,信阳航空职业学院,河南,,民办/独立学院,,民办
6553,克孜勒苏职业技术学院,新疆,,普通本科,,公办
980,克拉玛依职业技术学院,新疆,,普通本科,,公办
1529,六安职业技术学院,安徽,,普通本科,,公办
7278,六盘水师范学院,贵州,,普通本科,,公办
5276,六盘水幼儿师范高等专科学校,贵州,,普通本科,,公办
5233,六盘水职业技术学院,贵州,,普通本科,,公办
6203,兰州交通大学,甘肃,,普通本科,,公办
6220,兰州信息科技学院,甘肃,,民办/独立学院,,民办
6215,兰州博文科技学院,甘肃,,民办/独立学院,,民办
6221,兰州城市学院,甘肃,,普通本科,,公办
6230,兰州外语职业学院,甘肃,,民办/独立学院,,民办
1155,兰州大学,甘肃,,985,,公办
994,兰州工业学院,甘肃,,普通本科,,公办
1434,兰州工商学院,甘肃,,民办/独立学院,,民办
6227,兰州文理学院,甘肃,,普通本科,,公办
,兰州现代职业学院,甘肃,,普通本科,,公办
6202,兰州理工大学,甘肃,,普通本科,,公办
6253,兰州石化职业技术大学,甘肃,,普通本科,,公办
2338,兰州科技职业学院,甘肃,,普通本科,,民办
1447,兰州职业技术学院,甘肃,,普通本科,,公办
996,兰州航空职业技术学院,,,普通本科,,
5450,兰州财经大学,甘肃,,普通本科,,公办
7010,兰州资源环境职业技术大学,甘肃,,普通本科,,公办
988,兰考三农职业学院,河南,,普通本科,,公办
2189,共青科技职业学院,,,普通本科,,
5237,兴义民族师范学院,贵州,,普通本科,,公办
1755,兴安职业技术大学,内蒙古,,普通本科,,公办
1250,冀中职业学院,河北,,普通本科,,公办
1684,内江卫生与健康职业学院,四川,,普通本科,,公办
5119,内江师范学院,四川,,普通本科,,公办
5177,内江职业技术学院,四川,,普通本科,,公办
2379,内蒙古丰州职业学院,,,普通本科,,
1148,内蒙古交通职业技术学院,内蒙古,,普通本科,,公办
774,内蒙古体育职业学院,,,普通本科,,
1508,内蒙古农业大学,内蒙古,,普通本科,,公办
1695,内蒙古化工职业学院,内蒙古,,普通本科,,公办
2378,内蒙古北方职业技术学院,内蒙古,,普通本科,,民办
1515,内蒙古医科大学,内蒙古,,普通本科,,公办
1157,内蒙古商贸职业学院,,,普通本科,,
1680,内蒙古大学,内蒙古,,211,,公办
6705,内蒙古大学创业学院,内蒙古,,民办/独立学院,,民办
3440,内蒙古工业大学,内蒙古,,普通本科,,公办
1509,内蒙古师范大学,内蒙古,,普通本科,,公办
1697,内蒙古建筑职业技术大学,内蒙古,,普通本科,,公办
1696,内蒙古机电职业技术学院,内蒙古,,普通本科,,公办
1513,内蒙古民族大学,内蒙古,,普通本科,,公办
1154,内蒙古民族幼儿师范高等专科学校,,,普通本科,,
1690,内蒙古电子信息职业技术学院,内蒙古,,普通本科,,公办
1502,内蒙古科技大学,内蒙古,,普通本科,,公办
1556,内蒙古科技大学包头医学院,内蒙古,,普通本科,,公办
1702,内蒙古科技大学包头师范学院,内蒙古,,普通本科,,公办
2381,内蒙古科技职业学院,,,普通本科,,
2382,内蒙古美术职业学院,,,普通本科,,
2383,内蒙古能源职业学院,,,普通本科,,
9956,内蒙古艺术学院,内蒙古,,普通本科,,公办
773,内蒙古警察学院,,,普通本科,,
3480,内蒙古财经大学,内蒙古,,普通本科,,公办
6706,内蒙古鸿德文理学院,内蒙古,,民办/独立学院,,民办
,军事航天部队航天工程大学,,,普通本科,,
5700,凯里学院,贵州,,普通本科,,公办
94,包头职业技术学院,内蒙古,,普通本科,,公办
1016,包头轻工职业技术学院,内蒙古,,普通本科,,公办
91,包头钢铁职业技术学院,内蒙古,,普通本科,,公办
1530,包头铁道职业技术学院,内蒙古,,普通本科,,公办
1390,北京中医药大学,北京,,211,,公办
2305,北京中医药大学东方学院,河北,,民办/独立学院,,民办
1105,北京交通大学,北京,,211,,公办
1125,北京交通职业技术学院,北京,,普通本科,,公办
1132,北京交通运输职业学院,北京,,普通本科,,公办
1107,北京京北职业技术学院,北京,,普通本科,,公办
1,北京体育大学,北京,,211,,公办
128,北京体育职业学院,,,普通本科,,
1064,北京信息科技大学,北京,,普通本科,,公办
1105,北京信息职业技术学院,北京,,普通本科,,公办
1110,北京农业职业学院,北京,,普通本科,,公办
1069,北京农学院,北京,,普通本科,,公办
1127,北京劳动保障职业学院,北京,,普通本科,,公办
1225,北京化工大学,北京,,211,,公办
1113,北京北大方正软件职业技术学院,北京,,民办/独立学院,,民办
1190,北京协和医学院,北京,,普通本科,,公办
1133,北京卫生职业学院,北京,,普通本科,,公办
1066,北京印刷学院,北京,,普通本科,,公办
1084,北京城市学院,北京,,民办/独立学院,,民办
1123,北京培黎职业学院,北京,,民办/独立学院,,民办
1430,北京外国语大学,北京,,211,,公办
1101,北京大学,北京,,985,,公办
1106,北京大学医学部,北京,,985,,公办
1560,北京工业大学,北京,,211,,公办
129,北京工业大学耿丹学院,北京,,民办/独立学院,,民办
1103,北京工业职业技术学院,北京,,普通本科,,公办
1550,北京工商大学,北京,,普通本科,,公办
162,北京师范大学,北京,,985,,公办
2280,北京建筑大学,北京,,普通本科,,公办
1111,北京政法职业学院,北京,,普通本科,,公办
3150,北京服装学院,北京,,普通本科,,公办
1380,北京林业大学,北京,,211,,公办
1118,北京汇佳职业学院,北京,,民办/独立学院,,民办
2400,北京物资学院,北京,,普通本科,,公办
1107,北京理工大学,北京,,985,,公办
124,北京电子科技学院,北京,,普通本科,,公办
1138,北京电影学院,北京,,普通本科,,公办
3165,北京石油化工学院,北京,,普通本科,,公办
1230,北京科技大学,北京,,211,,公办
1219,北京科技大学天津学院,天津,,民办/独立学院,,民办
1120,北京科技经营管理学院,北京,,民办/独立学院,,民办
9731,北京科技职业大学,北京,,普通本科,,公办
1122,北京科技职业学院,北京,,民办/独立学院,,民办
1053,北京第二外国语学院,北京,,普通本科,,公办
1969,北京第二外国语学院中瑞酒店管理学院,北京,,普通本科,,民办
1116,北京经济技术职业学院,河北,,民办/独立学院,,民办
1126,北京经济管理职业学院,北京,,普通本科,,公办
1115,北京经贸职业学院,北京,,民办/独立学院,,民办
1135,北京网络职业学院,北京,,民办/独立学院,,民办
2550,北京联合大学,北京,,普通本科,,公办
132,北京舞蹈学院,北京,,普通本科,,公办
1106,北京航空航天大学,北京,,985,,公办
1129,北京艺术传媒职业学院,北京,,民办/独立学院,,民办
1018,北京警察学院,北京,,普通本科,,公办
1124,北京语言大学,北京,,普通本科,,公办
1112,北京财贸职业学院,北京,,普通本科,,公办
1235,北京邮电大学,北京,,211,,公办
182,北京邮电大学世纪学院,北京,,民办/独立学院,,民办
141,北京金融科技学院,北京,,民办/独立学院,,民办
1108,北京青年政治学院,北京,,普通本科,,公办
3620,北华大学,吉林,,普通本科,,公办
3315,北华航天工业学院,河北,,普通本科,,公办
4468,北师香港浸会大学,广东,,普通本科,,内地与港澳台地区合作办学
1062,北方工业大学,北京,,普通本科,,公办
3015,北方民族大学,宁夏,,普通本科,,公办
4588,北海康养职业学院,广西,,民办/独立学院,,民办
113,北海职业学院,广西,,普通本科,,公办
2090,北海艺术设计学院,广西,,普通本科,,民办
5685,北部湾大学,广西,,普通本科,,公办
3601,华东交通大学,江西,,普通本科,,公办
1410,华东师范大学,上海,,985,,公办
3115,华东政法大学,上海,,普通本科,,公办
1275,华东理工大学,上海,,211,,公办
4207,华中农业大学,湖北,,211,,公办
1415,华中师范大学,湖北,,211,,公办
4224,华中科技大学,湖北,,985,,公办
2325,华侨大学,福建,,普通本科,,公办
6095,华北水利水电大学,河南,,普通本科,,公办
6395,华北水利水电大学乌拉尔学院,河南,,普通本科,,中外合作办学
1304,华北理工大学,河北,,普通本科,,公办
1315,华北理工大学轻工学院,河北,,民办/独立学院,,民办
1142,华北电力大学,北京,,211,,公办
1310,华北科技学院,河北,,普通本科,,公办
1970,华南农业大学,广东,,普通本科,,公办
4472,华南农业大学珠江学院,广东,,民办/独立学院,,民办
4447,华南师范大学,广东,,211,,公办
4403,华南理工大学,广东,,985,,公办
3218,南京中医药大学,江苏,,普通本科,,公办
1634,南京交通职业技术学院,江苏,,普通本科,,公办
6950,南京传媒学院,江苏,,民办/独立学院,,民办
2075,南京体育学院,江苏,,普通本科,,公办
1860,南京信息工程大学,江苏,,普通本科,,公办
8330,南京信息职业技术学院,江苏,,普通本科,,公办
3217,南京农业大学,江苏,,211,,公办
3252,南京医科大学,江苏,,普通本科,,公办
1657,南京医科大学康达学院,江苏,,民办/独立学院,,民办
1624,南京城市职业学院,江苏,,普通本科,,公办
3201,南京大学,江苏,,985,,公办
3226,南京审计大学,江苏,,普通本科,,公办
3259,南京审计大学金审学院,江苏,,民办/独立学院,,民办
1845,南京工业大学,江苏,,普通本科,,公办
3268,南京工业大学浦江学院,江苏,,民办/独立学院,,民办
3245,南京工业职业技术大学,江苏,,普通本科,,公办
3880,南京工程学院,江苏,,普通本科,,公办
1855,南京师范大学,江苏,,211,,公办
1648,南京师范大学中北学院,江苏,,民办/独立学院,,民办
6952,南京师范大学泰州学院,江苏,,民办/独立学院,,民办
8328,南京旅游职业学院,江苏,,普通本科,,公办
3284,南京晓庄学院,江苏,,普通本科,,公办
8510,南京机电职业技术学院,江苏,,普通本科,,公办
3214,南京林业大学,江苏,,普通本科,,公办
7460,南京特殊教育师范学院,江苏,,普通本科,,公办
1510,南京理工大学,江苏,,211,,公办
1638,南京理工大学泰州科技学院,江苏,,民办/独立学院,,民办
1639,南京理工大学紫金学院,江苏,,民办/独立学院,,民办
8327,南京科技职业学院,江苏,,普通本科,,公办
3204,南京航空航天大学,江苏,,211,,公办
3282,南京航空航天大学金城学院,江苏,,民办/独立学院,,民办
3223,南京艺术学院,江苏,,普通本科,,公办
2373,南京视觉艺术职业学院,江苏,,普通本科,,民办
1635,南京警察学院,江苏,,普通本科,,公办
3222,南京财经大学,江苏,,普通本科,,公办
6628,南京财经大学红山学院,江苏,,民办/独立学院,,民办
2315,南京邮电大学,江苏,,普通本科,,公办
3258,南京邮电大学通达学院,江苏,,民办/独立学院,,民办
9750,南京铁道职业技术学院,江苏,,普通本科,,公办
1616,南充文化旅游职业学院,四川,,普通本科,,公办
2370,南充电影工业职业学院,四川,,民办/独立学院,,民办
1615,南充科技职业学院,四川,,民办/独立学院,,民办
5162,南充职业技术学院,四川,,普通本科,,公办
2295,南华大学,湖南,,普通本科,,公办
2026,南华大学船山学院,湖南,,普通本科,,民办
4514,南宁学院,广西,,民办/独立学院,,民办
4539,南宁师范大学,广西,,普通本科,,公办
4556,南宁师范大学师园学院,广西,,民办/独立学院,,民办
4547,南宁理工学院,广西,,民办/独立学院,,民办
4517,南宁职业技术大学,广西,,普通本科,,公办
1201,南开大学,天津,,985,,公办
2310,南方医科大学,广东,,普通本科,,公办
1618,南方科技大学,广东,,普通本科,,公办
6694,南昌交通学院,江西,,民办/独立学院,,民办
2040,南昌健康职业技术学院,江西,,普通本科,,公办
6698,南昌医学院,江西,,普通本科,,公办
3617,南昌大学,江西,,211,,公办
2023,南昌大学共青学院,江西,,普通本科,,民办
3620,南昌大学科学技术学院,江西,,民办/独立学院,,民办
3649,南昌工学院,江西,,民办/独立学院,,民办
3699,南昌师范学院,江西,,普通本科,,公办
3668,南昌应用技术师范学院,江西,,民办/独立学院,,民办
2368,南昌影视传播职业学院,江西,,普通本科,,民办
3636,南昌理工学院,江西,,民办/独立学院,,民办
3650,南昌职业大学,江西,,民办/独立学院,,民办
2430,南昌航空大学,江西,,普通本科,,公办
3625,南昌航空大学科技学院,江西,,民办/独立学院,,民办
3231,南通大学,江苏,,普通本科,,公办
1671,南通大学杏林学院,江苏,,民办/独立学院,,民办
8331,南通师范高等专科学校,江苏,,普通本科,,公办
1673,南通理工学院,江苏,,民办/独立学院,,民办
1672,南通科技职业学院,江苏,,普通本科,,公办
1675,南通职业大学,江苏,,普通本科,,公办
6380,南阳农业职业学院,河南,,普通本科,,公办
1139,南阳医学高等专科学校,河南,,普通本科,,公办
4112,南阳师范学院,河南,,普通本科,,公办
6075,南阳理工学院,河南,,普通本科,,公办
1677,南阳科技职业学院,河南,,普通本科,,公办
14353,南阳职业学院,河南,,民办/独立学院,,民办
6548,博尔塔拉职业技术学院,新疆,,普通本科,,公办
7052,厦门东海职业技术学院,福建,,民办/独立学院,,民办
3548,厦门兴才职业技术学院,福建,,民办/独立学院,,民办
3581,厦门医学院,福建,,普通本科,,公办
3561,厦门华厦学院,福建,,民办/独立学院,,民办
3531,厦门华天涉外职业技术学院,福建,,民办/独立学院,,民办
3551,厦门南洋职业学院,福建,,民办/独立学院,,民办
8412,厦门城市职业学院,福建,,普通本科,,公办
3501,厦门大学,福建,,985,,公办
3511,厦门大学嘉庚学院,福建,,民办/独立学院,,民办
7050,厦门安防科技职业学院,福建,,民办/独立学院,,民办
6825,厦门工学院,福建,,民办/独立学院,,民办
7053,厦门海洋职业技术学院,福建,,普通本科,,公办
7058,厦门演艺职业学院,福建,,民办/独立学院,,民办
3535,厦门理工学院,福建,,普通本科,,公办
3550,厦门软件职业技术学院,福建,,民办/独立学院,,民办
1456,双河职业技术学院,新疆,,普通本科,,公办
6564,可克达拉职业技术学院,新疆,,普通本科,,公办
3985,台州学院,浙江,,普通本科,,公办
8746,台州科技职业学院,浙江,,普通本科,,公办
66,台州职业技术学院,浙江,,普通本科,,公办
4940,右江民族医学院,广西,,普通本科,,公办
2261,合肥共达职业技术学院,,,普通本科,,
6817,合肥城市学院,安徽,,民办/独立学院,,民办
4105,合肥大学,安徽,,普通本科,,公办
3452,合肥工业大学,安徽,,211,,公办
9109,合肥师范学院,安徽,,普通本科,,公办
7140,合肥幼儿师范高等专科学校,安徽,,普通本科,,公办
532,合肥理工学院,安徽,,普通本科,,公办
850,合肥科技职业学院,安徽,,民办/独立学院,,民办
9205,合肥经济学院,安徽,,民办/独立学院,,民办
3464,合肥职业技术学院,安徽,,普通本科,,公办
3472,合肥通用职业技术学院,安徽,,普通本科,,公办
5176,吉利学院,四川,,民办/独立学院,,民办
8245,吉安幼儿师范高等专科学校,江西,,普通本科,,公办
3697,吉安职业技术学院,江西,,普通本科,,公办
2228,吉林交通职业技术学院,吉林,,普通本科,,公办
860,吉林体育学院,吉林,,普通本科,,公办
3635,吉林农业大学,吉林,,普通本科,,公办
2214,吉林农业科技学院,吉林,,普通本科,,公办
6801,吉林动画学院,吉林,,民办/独立学院,,民办
3655,吉林化工大学,吉林,,普通本科,,公办
5850,吉林医药学院,吉林,,普通本科,,公办
2245,吉林司法警官职业学院,吉林,,普通本科,,公办
2299,吉林城市职业技术学院,,,普通本科,,
7603,吉林外国语大学,吉林,,民办/独立学院,,民办
1145,吉林大学,吉林,,985,,公办
1214,吉林工业职业技术学院,吉林,,普通本科,,公办
2247,吉林工商学院,吉林,,普通本科,,公办
3680,吉林工程技术师范学院,吉林,,普通本科,,公办
847,吉林工程职业学院,吉林,,普通本科,,公办
2221,吉林师范大学,吉林,,普通本科,,公办
2237,吉林师范大学博达学院,吉林,,民办/独立学院,,民办
3660,吉林建筑大学,吉林,,普通本科,,公办
2301,吉林建筑科技学院,吉林,,普通本科,,民办
1227,吉林水利电力职业学院,吉林,,普通本科,,公办
2240,吉林电子信息职业技术学院,吉林,,普通本科,,公办
2262,吉林省经济管理干部学院,,,普通本科,,
2302,吉林科技职业技术学院,吉林,,普通本科,,民办
2304,吉林职业技术学院,吉林,,普通本科,,民办
864,吉林艺术学院,吉林,,普通本科,,公办
7098,吉林警察学院,吉林,,普通本科,,公办
2213,吉林财经大学,吉林,,普通本科,,公办
2268,吉林通用航空职业技术学院,吉林,,普通本科,,公办
8248,吉林铁道职业技术大学,吉林,,普通本科,,公办
4302,吉首大学,湖南,,普通本科,,公办
3102,同济大学,上海,,985,,公办
6546,吐鲁番职业技术学院,新疆,,普通本科,,公办
7051,吕梁学院,山西,,普通本科,,公办
1067,吕梁职业技术学院,,,普通本科,,
,周口城市职业学院,河南,,民办/独立学院,,民办
4177,周口师范学院,河南,,普通本科,,公办
4170,周口职业技术学院,河南,,普通本科,,公办
1510,呼伦贝尔学院,内蒙古,,普通本科,,公办
709,呼伦贝尔职业技术学院,内蒙古,,普通本科,,公办
7064,呼和浩特民族学院,内蒙古,,普通本科,,公办
1019,呼和浩特职业技术大学,内蒙古,,普通本科,,公办
8189,和君职业学院,江西,,民办/独立学院,,民办
859,和田职业技术学院,新疆,,普通本科,,公办
4264,咸宁职业技术学院,湖北,,普通本科,,公办
5385,咸阳师范学院,陕西,,普通本科,,公办
6189,咸阳职业技术学院,陕西,,普通本科,,公办
804,哈密职业技术学院,新疆,,普通本科,,公办
8174,哈尔滨传媒职业学院,黑龙江,,民办/独立学院,,民办
493,哈尔滨体育学院,黑龙江,,普通本科,,公办
2328,哈尔滨信息工程学院,黑龙江,,民办/独立学院,,民办
787,哈尔滨剑桥学院,黑龙江,,民办/独立学院,,民办
2388,哈尔滨北方航空职业技术学院,黑龙江,,民办/独立学院,,民办
1765,哈尔滨医科大学,黑龙江,,普通本科,,公办
786,哈尔滨华德学院,黑龙江,,民办/独立学院,,民办
3725,哈尔滨商业大学,黑龙江,,普通本科,,公办
2243,哈尔滨城市职业学院,黑龙江,,普通本科,,民办
3730,哈尔滨学院,黑龙江,,普通本科,,公办
1496,哈尔滨工业大学,山东,,985,,公办
2303,哈尔滨工程大学,黑龙江,,211,,公办
3720,哈尔滨师范大学,黑龙江,,普通本科,,公办
7092,哈尔滨幼儿师范高等专科学校,黑龙江,,普通本科,,公办
785,哈尔滨广厦学院,黑龙江,,民办/独立学院,,民办
800,哈尔滨应用职业技术学院,黑龙江,,民办/独立学院,,民办
3705,哈尔滨理工大学,黑龙江,,普通本科,,公办
479,哈尔滨电力职业技术学院,黑龙江,,普通本科,,公办
793,哈尔滨石油学院,黑龙江,,民办/独立学院,,民办
2374,哈尔滨科学技术职业学院,黑龙江,,普通本科,,公办
2343,哈尔滨职业技术大学,黑龙江,,普通本科,,公办
802,哈尔滨远东理工学院,黑龙江,,民办/独立学院,,民办
2320,哈尔滨金融学院,黑龙江,,普通本科,,公办
2357,哈尔滨铁道职业技术学院,黑龙江,,普通本科,,公办
498,哈尔滨音乐学院,黑龙江,,普通本科,,公办
1388,唐山学院,河北,,普通本科,,公办
2258,唐山工业职业技术大学,河北,,普通本科,,公办
1381,唐山师范学院,河北,,普通本科,,公办
7727,唐山幼儿师范高等专科学校,河北,,普通本科,,公办
2500,唐山海运职业学院,河北,,普通本科,,民办
1513,唐山科技职业技术学院,,,普通本科,,
1330,唐山职业技术学院,河北,,普通本科,,公办
4179,商丘医学高等专科学校,河南,,普通本科,,公办
6205,商丘工学院,河南,,民办/独立学院,,民办
4113,商丘师范学院,河南,,普通本科,,公办
2319,商丘职业技术学院,河南,,普通本科,,公办
6184,商洛学院,陕西,,普通本科,,公办
6168,商洛职业技术学院,陕西,,普通本科,,公办
5510,喀什大学,新疆,,普通本科,,公办
6563,喀什理工职业技术学院,新疆,,普通本科,,公办
6552,喀什职业技术学院,新疆,,普通本科,,公办
1255,嘉兴南洋职业技术学院,浙江,,民办/独立学院,,民办
3344,嘉兴南湖学院,浙江,,普通本科,,公办
3995,嘉兴大学,浙江,,普通本科,,公办
1256,嘉兴职业技术学院,浙江,,普通本科,,公办
4456,嘉应学院,广东,,普通本科,,公办
2177,四川三河职业学院,四川,,民办/独立学院,,民办
5189,四川中医药高等专科学校,四川,,普通本科,,公办
5143,四川交通职业技术学院,四川,,普通本科,,公办
5131,四川传媒学院,四川,,民办/独立学院,,民办
5112,四川农业大学,四川,,211,,公办
5164,四川化工职业技术学院,四川,,普通本科,,公办
5188,四川华新现代职业学院,四川,,民办/独立学院,,民办
8420,四川卫生康复职业学院,四川,,普通本科,,公办
5168,四川司法警官职业学院,四川,,普通本科,,公办
5175,四川商务职业学院,四川,,普通本科,,公办
5152,四川国际标榜职业学院,四川,,民办/独立学院,,民办
5198,四川城市职业学院,四川,,民办/独立学院,,民办
2910,四川外国语大学,重庆,,普通本科,,公办
5127,四川大学,四川,,985,,公办
5191,四川大学锦江学院,四川,,民办/独立学院,,民办
5181,四川工业科技学院,四川,,民办/独立学院,,民办
5134,四川工商学院,四川,,民办/独立学院,,民办
5149,四川工商职业技术学院,四川,,普通本科,,公办
5157,四川工程职业技术大学,四川,,普通本科,,公办
5080,四川师范大学,四川,,普通本科,,公办
8425,四川希望汽车职业学院,四川,,民办/独立学院,,民办
8427,四川应用技术职业学院,四川,,民办/独立学院,,民办
5158,四川建筑职业技术学院,四川,,普通本科,,公办
5156,四川托普信息技术职业学院,四川,,民办/独立学院,,民办
2163,四川护理职业学院,四川,,普通本科,,公办
5194,四川文化产业职业学院,四川,,普通本科,,公办
5167,四川文化传媒职业学院,四川,,民办/独立学院,,民办
5192,四川文化艺术学院,四川,,民办/独立学院,,民办
5540,四川文理学院,四川,,普通本科,,公办
8423,四川文轩职业学院,四川,,民办/独立学院,,民办
7254,四川旅游学院,四川,,普通本科,,公办
5145,四川机电职业技术学院,四川,,普通本科,,公办
5170,四川民族学院,四川,,普通本科,,公办
5163,四川水利职业技术学院,四川,,普通本科,,公办
8416,四川汽车职业技术学院,四川,,民办/独立学院,,民办
5178,四川现代职业学院,四川,,民办/独立学院,,民办
5147,四川电力职业技术学院,四川,,普通本科,,公办
8410,四川电子机械职业技术学院,四川,,民办/独立学院,,民办
2476,四川电影电视学院,四川,,民办/独立学院,,民办
5193,四川科技职业学院,四川,,民办/独立学院,,民办
5013,四川美术学院,重庆,,普通本科,,公办
5157,四川职业技术学院,四川,,普通本科,,公办
5165,四川航天职业技术学院,四川,,普通本科,,公办
8424,四川西南航空职业学院,四川,,民办/独立学院,,民办
5690,四川警察学院,四川,,普通本科,,公办
5196,四川财经职业学院,四川,,普通本科,,公办
5109,四川轻化工大学,四川,,普通本科,,公办
5166,四川邮电职业技术学院,四川,,普通本科,,公办
2451,四川铁道职业学院,四川,,普通本科,,公办
5197,四川长江职业学院,四川,,民办/独立学院,,民办
9941,四川音乐学院,四川,,普通本科,,公办
2275,四平现代职业学院,,,普通本科,,
1482,四平职业大学,,,普通本科,,
505,国防科技大学,,,普通本科,,
776,国际关系学院,北京,,普通本科,,公办
6560,图木舒克职业技术学院,新疆,,普通本科,,公办
1179,培黎职业学院,甘肃,,普通本科,,公办
6556,塔城职业技术学院,新疆,,普通本科,,公办
6526,塔里木大学,新疆,,普通本科,,公办
6557,塔里木职业技术学院,新疆,,普通本科,,公办
3101,复旦大学,上海,,985,,公办
3179,复旦大学上海医学院,上海,,985,,公办
365,复旦大学医学院,,,普通本科,,
1129,外交学院,北京,,普通本科,,公办
2368,大兴安岭职业学院,黑龙江,,普通本科,,公办
297,大同师范高等专科学校,山西,,普通本科,,公办
2371,大庆医学高等专科学校,黑龙江,,普通本科,,公办
10235,大庆师范学院,黑龙江,,普通本科,,公办
2367,大庆职业学院,黑龙江,,普通本科,,公办
5379,大理农林职业技术学院,云南,,普通本科,,公办
5245,大理大学,云南,,普通本科,,公办
5362,大理护理职业学院,云南,,普通本科,,公办
6943,大连东软信息学院,辽宁,,民办/独立学院,,民办
2110,大连交通大学,辽宁,,普通本科,,公办
2635,大连医科大学,辽宁,,普通本科,,公办
2194,大连医科大学中山学院,辽宁,,民办/独立学院,,民办
3595,大连外国语大学,辽宁,,普通本科,,公办
2166,大连大学,辽宁,,普通本科,,公办
3530,大连工业大学,辽宁,,普通本科,,公办
402,大连工业大学艺术与信息工程学院,辽宁,,民办/独立学院,,民办
13961,大连枫叶职业技术学院,辽宁,,民办/独立学院,,民办
2125,大连民族大学,辽宁,,普通本科,,公办
2199,大连汽车职业技术学院,辽宁,,民办/独立学院,,民办
1285,大连海事大学,辽宁,,211,,公办
2178,大连海洋大学,辽宁,,普通本科,,公办
2177,大连理工大学,辽宁,,985,,公办
13198,大连理工大学城市学院,辽宁,,民办/独立学院,,民办
6939,大连科技学院,辽宁,,民办/独立学院,,民办
8233,大连职业技术学院,辽宁,,普通本科,,公办
2184,大连航运职业技术学院,辽宁,,民办/独立学院,,民办
6782,大连艺术学院,辽宁,,民办/独立学院,,民办
420,大连装备制造职业技术学院,辽宁,,民办/独立学院,,民办
2132,大连财经学院,辽宁,,民办/独立学院,,民办
8445,天府新区信息职业学院,四川,,民办/独立学院,,民办
8444,天府新区航空旅游职业学院,四川,,民办/独立学院,,民办
2502,天府新区通用航空职业学院,四川,,民办/独立学院,,民办
5430,天水师范大学,甘肃,,普通本科,,公办
1208,天津中医药大学,天津,,普通本科,,公办
1217,天津中德应用技术大学,天津,,普通本科,,公办
1234,天津交通职业学院,天津,,普通本科,,公办
1250,天津仁爱学院,天津,,民办/独立学院,,民办
2276,天津传媒学院,天津,,民办/独立学院,,民办
6,天津体育学院,天津,,普通本科,,公办
1266,天津体育职业学院,天津,,普通本科,,公办
3220,天津农学院,天津,,普通本科,,公办
1244,天津医学高等专科学校,天津,,普通本科,,公办
1218,天津医科大学,天津,,211,,公办
6755,天津医科大学临床医学院,天津,,民办/独立学院,,民办
1210,天津商业大学,天津,,普通本科,,公办
6752,天津商业大学宝德学院,天津,,民办/独立学院,,民办
8454,天津商务职业学院,天津,,普通本科,,公办
1238,天津国土资源和房屋职业学院,天津,,普通本科,,公办
1262,天津城市建设管理职业技术学院,天津,,普通本科,,公办
1253,天津城市职业学院,天津,,普通本科,,公办
1216,天津城建大学,天津,,普通本科,,公办
1209,天津外国语大学,天津,,普通本科,,公办
6754,天津外国语大学滨海外事学院,天津,,民办/独立学院,,民办
1202,天津大学,天津,,985,,公办
2308,天津天狮学院,天津,,民办/独立学院,,民办
2525,天津工业大学,天津,,普通本科,,公办
2281,天津工业职业学院,天津,,普通本科,,公办
1243,天津市职业大学,天津,,普通本科,,公办
2405,天津师范大学,天津,,普通本科,,公办
2287,天津机电职业技术学院,天津,,普通本科,,公办
1249,天津海运职业学院,天津,,普通本科,,公办
1248,天津渤海职业技术学院,天津,,普通本科,,公办
1275,天津滨海汽车工程职业学院,天津,,民办/独立学院,,民办
2269,天津滨海职业学院,天津,,普通本科,,公办
1251,天津现代职业技术学院,天津,,普通本科,,公办
1206,天津理工大学,天津,,普通本科,,公办
1246,天津理工大学中环信息学院,天津,,民办/独立学院,,民办
1241,天津生物工程职业技术学院,天津,,普通本科,,公办
1230,天津电子信息职业技术学院,天津,,普通本科,,公办
1237,天津石油职业技术学院,天津,,普通本科,,公办
1203,天津科技大学,天津,,普通本科,,公办
9910,天津美术学院,天津,,普通本科,,公办
3225,天津职业技术师范大学,天津,,普通本科,,公办
1561,天津艺术职业学院,天津,,普通本科,,公办
1538,天津警察学院,天津,,普通本科,,公办
1211,天津财经大学,天津,,普通本科,,公办
1252,天津财经大学珠江学院,天津,,民办/独立学院,,民办
1253,天津轻工职业技术学院,天津,,普通本科,,公办
1261,天津铁道职业技术学院,天津,,普通本科,,公办
2321,天门职业学院,湖北,,普通本科,,公办
1502,太原城市职业技术学院,,,普通本科,,
8176,太原学院,山西,,普通本科,,公办
3420,太原工业学院,山西,,普通本科,,公办
3410,太原师范学院,山西,,普通本科,,公办
2502,太原幼儿师范高等专科学校,山西,,普通本科,,公办
1403,太原理工大学,山西,,211,,公办
1401,太原科技大学,山西,,普通本科,,公办
3272,太湖创意职业技术学院,江苏,,民办/独立学院,,民办
1587,威海海洋职业学院,山东,,普通本科,,公办
8755,威海职业学院,山东,,普通本科,,公办
1537,娄底职业技术学院,湖南,,普通本科,,公办
,宁夏交通职业技术学院,,,普通本科,,
5485,宁夏医科大学,宁夏,,普通本科,,公办
1172,宁夏卫生健康职业技术学院,,,普通本科,,
2755,宁夏大学,宁夏,,211,,公办
6408,宁夏大学新华学院,宁夏,,民办/独立学院,,民办
361,宁夏工业职业学院,,,普通本科,,
,宁夏工商职业技术大学,宁夏,,普通本科,,公办
1167,宁夏工商职业技术学院,,,普通本科,,
5675,宁夏师范大学,宁夏,,普通本科,,公办
1175,宁夏幼儿师范高等专科学校,宁夏,,普通本科,,公办
,宁夏建设职业技术学院,宁夏,,普通本科,,公办
7625,宁夏理工学院,宁夏,,民办/独立学院,,民办
9332,宁夏职业技术大学,宁夏,,普通本科,,公办
,宁夏葡萄酒与防沙治沙职业技术学院,,,普通本科,,
1169,宁夏警官职业学院,,,普通本科,,
,宁夏财经职业技术学院,,,普通本科,,
1724,宁德师范学院,福建,,普通本科,,公办
7032,宁德职业技术学院,福建,,普通本科,,公办
,宁波东方理工大学,浙江,,民办/独立学院,,民办
1721,宁波卫生职业技术学院,浙江,,普通本科,,公办
8332,宁波城市职业技术学院,浙江,,普通本科,,公办
1880,宁波大学,浙江,,普通本科,,公办
6955,宁波大学科学技术学院,浙江,,民办/独立学院,,民办
3965,宁波工程学院,浙江,,普通本科,,公办
8333,宁波幼儿师范高等专科学校,浙江,,普通本科,,公办
63,宁波职业技术大学,浙江,,普通本科,,公办
3327,宁波诺丁汉大学,浙江,,普通本科,,中外合作办学
1715,宁波财经学院,浙江,,民办/独立学院,,民办
66,安庆医药高等专科学校,安徽,,普通本科,,公办
4150,安庆师范大学,安徽,,普通本科,,公办
67,安庆职业技术学院,安徽,,普通本科,,公办
5625,安康学院,陕西,,普通本科,,公办
6170,安康职业技术学院,陕西,,普通本科,,公办
8080,安徽三联学院,安徽,,民办/独立学院,,民办
4135,安徽中医药大学,安徽,,普通本科,,公办
7143,安徽中医药高等专科学校,安徽,,普通本科,,公办
39,安徽中澳科技职业学院,安徽,,普通本科,,公办
26,安徽交通职业技术学院,安徽,,普通本科,,公办
8086,安徽信息工程学院,安徽,,民办/独立学院,,民办
4090,安徽农业大学,安徽,,普通本科,,公办
34,安徽冶金科技职业学院,,,普通本科,,
2815,安徽医科大学,安徽,,普通本科,,公办
6820,安徽医科大学临床医学院,安徽,,普通本科,,独立学院
45,安徽卫生健康职业学院,安徽,,普通本科,,公办
28,安徽商贸职业技术学院,安徽,,普通本科,,公办
21,安徽国防科技职业学院,安徽,,普通本科,,公办
19,安徽国际商务职业学院,安徽,,普通本科,,公办
9,安徽城市管理职业学院,安徽,,普通本科,,公办
2079,安徽外国语学院,安徽,,普通本科,,民办
3448,安徽大学,安徽,,211,,公办
3462,安徽审计职业学院,安徽,,普通本科,,公办
3403,安徽工业大学,安徽,,普通本科,,公办
15,安徽工业经济职业技术学院,安徽,,普通本科,,公办
18,安徽工业职业技术学院,安徽,,普通本科,,公办
13,安徽工商职业学院,安徽,,普通本科,,公办
11,安徽工程大学,安徽,,普通本科,,公办
12,安徽工贸职业技术学院,,,普通本科,,
4100,安徽师范大学,安徽,,普通本科,,公办
17,安徽广播影视职业技术学院,安徽,,普通本科,,公办
3423,安徽建筑大学,安徽,,普通本科,,公办
8082,安徽文达信息工程学院,安徽,,民办/独立学院,,民办
3469,安徽新华学院,安徽,,民办/独立学院,,民办
3438,安徽新闻出版职业技术学院,安徽,,普通本科,,公办
31,安徽水利水电职业技术学院,安徽,,普通本科,,公办
36,安徽汽车职业技术学院,安徽,,普通本科,,公办
3404,安徽理工大学,安徽,,普通本科,,公办
12,安徽电子信息职业技术学院,安徽,,普通本科,,公办
3405,安徽电气工程职业技术学院,安徽,,普通本科,,公办
30,安徽矿业职业技术学院,安徽,,民办/独立学院,,民办
3408,安徽科技学院,安徽,,普通本科,,公办
7142,安徽第二医学院,安徽,,普通本科,,公办
32,安徽粮食工程职业学院,安徽,,普通本科,,公办
2078,安徽绿海商务职业学院,,,普通本科,,
9121,安徽职业技术大学,安徽,,普通本科,,公办
9958,安徽艺术学院,安徽,,普通本科,,公办
9335,安徽艺术职业学院,安徽,,普通本科,,公办
8069,安徽警官职业学院,安徽,,普通本科,,公办
2385,安徽财经大学,安徽,,普通本科,,公办
9301,安徽财贸职业学院,安徽,,普通本科,,公办
58,安徽邮电职业技术学院,安徽,,普通本科,,公办
2081,安阳学院,,,普通本科,,
6137,安阳工学院,河南,,普通本科,,公办
4147,安阳师范学院,河南,,普通本科,,公办
4188,安阳幼儿师范高等专科学校,河南,,普通本科,,公办
6292,安阳职业技术学院,河南,,普通本科,,公办
5545,安顺学院,贵州,,普通本科,,公办
5221,安顺职业技术学院,贵州,,普通本科,,公办
307,定西职业技术学院,甘肃,,普通本科,,公办
5140,宜宾学院,四川,,普通本科,,公办
5154,宜宾职业技术学院,四川,,普通本科,,公办
8725,宜昌科技职业学院,湖北,,普通本科,,公办
4270,宜春学院,江西,,普通本科,,公办
3696,宜春幼儿师范高等专科学校,江西,,普通本科,,公办
2816,宜春职业技术学院,江西,,普通本科,,公办
95,宝鸡三和职业学院,陕西,,民办/独立学院,,民办
8074,宝鸡中北职业学院,陕西,,民办/独立学院,,民办
5340,宝鸡文理学院,陕西,,普通本科,,公办
6186,宝鸡职业技术学院,陕西,,普通本科,,公办
2639,宣化科技职业学院,河北,,普通本科,,公办
3479,宣城职业技术学院,安徽,,普通本科,,公办
4185,宿州学院,安徽,,普通本科,,公办
2231,宿州职业技术学院,安徽,,普通本科,,公办
2495,宿州航空职业学院,安徽,,民办/独立学院,,民办
8730,宿迁学院,江苏,,普通本科,,公办
,宿迁幼儿师范高等专科学校,江苏,,普通本科,,公办
2493,宿迁泽达职业技术学院,江苏,,普通本科,,民办
8431,宿迁职业技术学院,江苏,,民办/独立学院,,民办
1450,对外经济贸易大学,北京,,211,,公办
3796,山东中医药大学,山东,,普通本科,,公办
1920,山东中医药高等专科学校,山东,,普通本科,,公办
4430,山东交通学院,山东,,普通本科,,公办
1878,山东交通职业学院,山东,,普通本科,,公办
8353,山东传媒职业学院,山东,,普通本科,,公办
1903,山东体育学院,山东,,普通本科,,公办
8772,山东信息职业技术学院,山东,,普通本科,,公办
4385,山东农业大学,山东,,普通本科,,公办
5859,山东农业工程学院,山东,,普通本科,,公办
3723,山东力明科技职业学院,山东,,民办/独立学院,,民办
8758,山东劳动职业技术学院,山东,,普通本科,,公办
8355,山东化工职业学院,山东,,普通本科,,公办
3775,山东医学高等专科学校,山东,,普通本科,,公办
2419,山东华宇工学院,山东,,普通本科,,民办
3780,山东协和学院,山东,,民办/独立学院,,民办
8360,山东司法警官职业学院,山东,,普通本科,,公办
1895,山东商业职业技术学院,山东,,普通本科,,公办
8416,山东商务职业学院,山东,,普通本科,,公办
2421,山东圣翰财贸职业学院,山东,,民办/独立学院,,民办
1248,山东城市建设职业学院,山东,,普通本科,,公办
1247,山东城市服务职业学院,山东,,普通本科,,公办
2423,山东外事职业大学,山东,,普通本科,,民办
3774,山东外国语职业技术大学,山东,,民办/独立学院,,民办
3757,山东外贸职业学院,山东,,普通本科,,公办
1173,山东大学,山东,,985,,公办
1252,山东大学威海分校,,,普通本科,,
4425,山东女子学院,山东,,普通本科,,公办
1258,山东工业职业学院,山东,,普通本科,,公办
4495,山东工商学院,山东,,普通本科,,公办
3778,山东工程职业技术大学,山东,,民办/独立学院,,民办
9928,山东工艺美术学院,山东,,普通本科,,公办
4395,山东师范大学,山东,,普通本科,,公办
3706,山东建筑大学,山东,,普通本科,,公办
4375,山东政法学院,山东,,普通本科,,公办
1907,山东文化产业职业学院,山东,,民办/独立学院,,民办
1292,山东文化艺术职业学院,山东,,普通本科,,公办
1276,山东旅游职业学院,山东,,普通本科,,公办
1866,山东服装职业学院,山东,,普通本科,,公办
3721,山东水利职业学院,山东,,普通本科,,公办
3784,山东海事职业学院,山东,,民办/独立学院,,民办
1289,山东特殊教育职业学院,山东,,普通本科,,公办
3730,山东现代学院,山东,,民办/独立学院,,民办
4370,山东理工大学,山东,,普通本科,,公办
1275,山东理工职业学院,山东,,普通本科,,公办
3783,山东电力高等专科学校,山东,,普通本科,,公办
1865,山东电子职业技术学院,山东,,普通本科,,公办
3733,山东畜牧兽医职业学院,山东,,普通本科,,公办
6608,山东石油化工学院,山东,,普通本科,,公办
2780,山东科技大学,山东,,普通本科,,公办
1882,山东科技职业学院,山东,,普通本科,,公办
4465,山东第一医科大学,山东,,普通本科,,公办
4450,山东第二医科大学,山东,,普通本科,,公办
1871,山东管理学院,山东,,普通本科,,公办
1269,山东经贸职业学院,山东,,普通本科,,公办
3782,山东职业学院,山东,,普通本科,,公办
2618,山东胜利职业学院,山东,,普通本科,,公办
4440,山东航空学院,山东,,普通本科,,公办
3769,山东艺术学院,山东,,普通本科,,公办
2427,山东艺术设计职业学院,山东,,普通本科,,民办
3772,山东英才学院,山东,,民办/独立学院,,民办
8364,山东药品食品职业学院,山东,,普通本科,,公办
4485,山东财经大学,山东,,普通本科,,公办
3751,山东财经大学东方学院,山东,,民办/独立学院,,民办
,山东财经大学燕山学院,山东,,民办/独立学院,,民办
1893,山东轻工职业学院,山东,,普通本科,,公办
3783,山东铝业职业学院,山东,,普通本科,,公办
1892,山东青年政治学院,山东,,普通本科,,公办
1449,山西中医药大学,山西,,普通本科,,公办
1450,山西传媒学院,山西,,普通本科,,公办
2433,山西信息职业技术学院,山西,,普通本科,,民办
3360,山西农业大学,山西,,普通本科,,公办
2630,山西医科大学,山西,,普通本科,,公办
5735,山西医药学院,山西,,普通本科,,公办
1485,山西卫生健康职业学院,山西,,普通本科,,公办
1344,山西同文职业技术学院,山西,,民办/独立学院,,民办
1312,山西国际商务职业学院,,,普通本科,,
1406,山西大同大学,山西,,普通本科,,公办
1425,山西大学,山西,,普通本科,,公办
2429,山西工商学院,山西,,普通本科,,民办
1423,山西工学院,山西,,普通本科,,公办
5856,山西工程技术学院,山西,,普通本科,,公办
7011,山西工程科技职业大学,山西,,普通本科,,公办
1413,山西工程职业学院,山西,,普通本科,,公办
3370,山西师范大学,山西,,普通本科,,公办
1415,山西应用科技学院,山西,,民办/独立学院,,民办
1430,山西晋中理工学院,山西,,民办/独立学院,,民办
1313,山西机电职业技术学院,山西,,普通本科,,公办
1318,山西林业职业技术学院,山西,,普通本科,,公办
1321,山西水利职业技术学院,山西,,普通本科,,公办
6644,山西电子科技学院,山西,,普通本科,,公办
1319,山西省财政税务专科学校,山西,,普通本科,,公办
6938,山西科技学院,山西,,普通本科,,公办
1311,山西管理职业学院,山西,,普通本科,,公办
1315,山西经贸职业学院,,,普通本科,,
1946,山西老区职业技术学院,山西,,民办/独立学院,,民办
1329,山西职业技术学院,山西,,普通本科,,公办
1317,山西能源学院,山西,,普通本科,,公办
1325,山西药科职业学院,山西,,普通本科,,公办
1408,山西财经大学,山西,,普通本科,,公办
1328,山西运城农业职业技术学院,,,普通本科,,
1323,山西通用航空职业技术学院,山西,,普通本科,,公办
1314,山西金融职业学院,山西,,普通本科,,公办
1958,山西铁道职业技术学院,山西,,普通本科,,公办
4487,岭南师范学院,广东,,普通本科,,公办
1112,岳阳学院,湖南,,民办/独立学院,,民办
2709,岳阳现代服务职业学院,湖南,,民办/独立学院,,民办
4364,岳阳职业技术学院,湖南,,普通本科,,公办
382,崇左幼儿师范高等专科学校,广西,,普通本科,,公办
5110,川北医学院,四川,,普通本科,,公办
389,川北幼儿师范高等专科学校,四川,,普通本科,,公办
390,川南幼儿师范高等专科学校,四川,,普通本科,,公办
211,巢湖学院,安徽,,普通本科,,公办
8071,巴中职业技术学院,四川,,民办/独立学院,,民办
6533,巴音郭楞职业技术学院,新疆,,普通本科,,公办
7459,常州信息职业技术学院,江苏,,普通本科,,公办
2880,常州大学,江苏,,普通本科,,公办
271,常州大学怀德学院,江苏,,民办/独立学院,,民办
275,常州工业职业技术学院,江苏,,普通本科,,公办
3855,常州工学院,江苏,,普通本科,,公办
8091,常州工程职业技术学院,江苏,,普通本科,,公办
8519,常州机电职业技术学院,江苏,,普通本科,,公办
272,常州纺织服装职业技术学院,江苏,,普通本科,,公办
4362,常德学院,湖南,,民办/独立学院,,民办
4355,常德职业技术学院,湖南,,普通本科,,公办
1182,平凉职业技术学院,,,普通本科,,
6125,平顶山学院,河南,,普通本科,,公办
4191,平顶山工业职业技术学院,河南,,普通本科,,公办
9592,广东东软学院,广东,,民办/独立学院,,民办
4428,广东亚视演艺职业学院,广东,,民办/独立学院,,民办
8133,广东交通职业技术学院,广东,,普通本科,,公办
4488,广东以色列理工学院,广东,,普通本科,,中外合作办学
608,广东信息工程职业学院,广东,,民办/独立学院,,民办
588,广东农工商职业技术学院,广东,,普通本科,,公办
558,广东创新科技职业学院,广东,,民办/独立学院,,民办
4450,广东医科大学,广东,,普通本科,,公办
4419,广东南华工商职业学院,广东,,普通本科,,公办
586,广东南方职业学院,广东,,民办/独立学院,,民办
12960,广东司法警官职业学院,广东,,普通本科,,公办
4418,广东培正学院,广东,,民办/独立学院,,民办
4413,广东外语外贸大学,广东,,普通本科,,公办
4471,广东外语外贸大学南国商学院,广东,,民办/独立学院,,民办
8137,广东女子职业技术学院,广东,,普通本科,,公办
8135,广东岭南职业技术学院,广东,,民办/独立学院,,民办
2930,广东工业大学,广东,,普通本科,,公办
4492,广东工商职业技术大学,广东,,民办/独立学院,,民办
561,广东工程职业技术学院,广东,,普通本科,,公办
4437,广东工贸职业技术学院,广东,,普通本科,,公办
569,广东建设职业技术学院,广东,,普通本科,,公办
4475,广东技术师范大学,广东,,普通本科,,公办
4481,广东文理职业学院,广东,,民办/独立学院,,民办
4848,广东新安职业技术学院,广东,,民办/独立学院,,民办
8132,广东机电职业技术学院,广东,,普通本科,,公办
8978,广东水利电力职业技术学院,广东,,普通本科,,公办
9187,广东江门中医药职业学院,广东,,普通本科,,公办
4405,广东海洋大学,广东,,普通本科,,公办
14759,广东潮州卫生健康职业学院,广东,,普通本科,,公办
8131,广东环境保护工程职业学院,广东,,普通本科,,公办
579,广东理工学院,广东,,民办/独立学院,,民办
580,广东理工职业学院,广东,,普通本科,,公办
8138,广东生态工程职业学院,广东,,普通本科,,公办
553,广东白云学院,广东,,民办/独立学院,,民办
407,广东省外语艺术职业学院,广东,,普通本科,,公办
4810,广东石油化工学院,广东,,普通本科,,公办
554,广东碧桂园职业学院,广东,,民办/独立学院,,民办
4483,广东科学技术职业学院,广东,,普通本科,,公办
576,广东科技学院,广东,,民办/独立学院,,民办
8722,广东科贸职业学院,广东,,普通本科,,公办
559,广东第二师范学院,广东,,普通本科,,公办
616,广东肇庆航空职业学院,广东,,民办/独立学院,,民办
606,广东艺术职业学院,广东,,普通本科,,公办
582,广东茂名健康职业学院,广东,,普通本科,,公办
8136,广东茂名幼儿师范专科学校,广东,,普通本科,,公办
4835,广东药科大学,广东,,普通本科,,公办
11110,广东警官学院,广东,,普通本科,,公办
4469,广东财经大学,广东,,普通本科,,公办
388,广东财贸职业学院,,,普通本科,,
4445,广东轻工职业技术大学,广东,,普通本科,,公办
12953,广东邮电职业技术学院,广东,,普通本科,,公办
575,广东酒店管理职业技术学院,广东,,民办/独立学院,,民办
4410,广东金融学院,广东,,普通本科,,公办
8139,广东食品药品职业学院,广东,,普通本科,,公办
8151,广元中核职业技术学院,四川,,民办/独立学院,,民办
5183,广安职业技术学院,四川,,普通本科,,公办
675,广州东华职业学院,广东,,民办/独立学院,,民办
4406,广州中医药大学,广东,,普通本科,,公办
5423,广州体育学院,广东,,普通本科,,公办
2855,广州医科大学,广东,,普通本科,,公办
8154,广州华南商贸职业学院,广东,,民办/独立学院,,民办
684,广州华商职业学院,广东,,民办/独立学院,,民办
685,广州华夏职业学院,广东,,民办/独立学院,,民办
4464,广州华立学院,广东,,民办/独立学院,,民办
4456,广州华立科技职业学院,广东,,民办/独立学院,,民办
4462,广州南方学院,广东,,民办/独立学院,,民办
693,广州南洋理工职业学院,广东,,民办/独立学院,,民办
4498,广州卫生职业技术学院,广东,,普通本科,,公办
4443,广州商学院,广东,,民办/独立学院,,民办
4461,广州城市理工学院,广东,,民办/独立学院,,民办
8152,广州城市职业学院,广东,,普通本科,,公办
671,广州城建职业学院,广东,,民办/独立学院,,民办
4407,广州大学,广东,,普通本科,,公办
678,广州工商学院,广东,,民办/独立学院,,民办
13709,广州工程技术职业学院,广东,,普通本科,,公办
8160,广州幼儿师范高等专科学校,广东,,普通本科,,公办
4416,广州应用科技学院,广东,,普通本科,,民办
8155,广州康大职业技术学院,广东,,民办/独立学院,,民办
4485,广州新华学院,广东,,民办/独立学院,,民办
4450,广州民航职业技术学院,广东,,普通本科,,公办
696,广州涉外经济职业技术学院,广东,,民办/独立学院,,民办
708,广州珠江职业技术学院,广东,,民办/独立学院,,民办
2668,广州理工学院,广东,,普通本科,,民办
688,广州科技职业技术大学,广东,,民办/独立学院,,民办
8156,广州科技贸易职业学院,广东,,普通本科,,公办
10586,广州美术学院,广东,,普通本科,,公办
7707,广州职业技术大学,广东,,普通本科,,公办
4417,广州航海学院,广东,,普通本科,,公办
6980,广州软件学院,广东,,民办/独立学院,,民办
8158,广州铁路职业技术学院,广东,,普通本科,,公办
4538,广西中医药大学,广西,,普通本科,,公办
6886,广西中医药大学赛恩斯新医药学院,广西,,民办/独立学院,,民办
8145,广西交通职业技术学院,广西,,普通本科,,公办
7232,广西体育高等专科学校,广西,,普通本科,,公办
7423,广西信息职业技术学院,广西,,普通本科,,公办
643,广西农业工程职业技术学院,广西,,普通本科,,公办
2517,广西农业职业技术大学,广西,,普通本科,,公办
2650,广西医科大学,广西,,普通本科,,公办
4560,广西卫生职业技术学院,广西,,普通本科,,公办
4540,广西国际商务职业技术学院,广西,,普通本科,,公办
620,广西城市职业大学,广西,,民办/独立学院,,民办
4541,广西培贤国际职业学院,广西,,民办/独立学院,,民办
4542,广西外国语学院,广西,,民办/独立学院,,民办
2000,广西大学,广西,,211,,公办
618,广西安全工程职业技术学院,广西,,普通本科,,公办
4523,广西工业职业技术学院,广西,,普通本科,,公办
624,广西工商职业技术学院,广西,,普通本科,,公办
14127,广西工程职业学院,广西,,民办/独立学院,,民办
4915,广西师范大学,广西,,普通本科,,公办
4564,广西幼儿师范高等专科学校,广西,,普通本科,,公办
8144,广西建设职业技术学院,广西,,普通本科,,公办
2965,广西智能制造职业技术学院,广西,,普通本科,,公办
4558,广西机电职业技术学院,广西,,普通本科,,公办
4543,广西民族大学,广西,,普通本科,,公办
641,广西民族大学相思湖学院,广西,,民办/独立学院,,民办
642,广西民族师范学院,广西,,普通本科,,公办
1386,广西水利电力职业技术学院,广西,,普通本科,,公办
2207,广西演艺职业学院,广西,,普通本科,,民办
8147,广西物流职业技术学院,广西,,普通本科,,公办
654,广西现代职业技术学院,广西,,普通本科,,公办
4571,广西理工职业技术学院,广西,,民办/独立学院,,民办
647,广西生态工程职业技术学院,广西,,普通本科,,公办
4553,广西电力职业技术学院,广西,,普通本科,,公办
4920,广西科技大学,广西,,普通本科,,公办
4511,广西科技师范学院,广西,,普通本科,,公办
4572,广西科技职业学院,广西,,民办/独立学院,,民办
4567,广西经济职业学院,广西,,民办/独立学院,,民办
663,广西职业师范学院,广西,,普通本科,,公办
11773,广西职业技术学院,广西,,普通本科,,公办
4575,广西自然资源职业技术学院,广西,,普通本科,,公办
9938,广西艺术学院,广西,,普通本科,,公办
8148,广西英华国际职业学院,广西,,民办/独立学院,,民办
634,广西警察学院,广西,,普通本科,,公办
4510,广西财经学院,广西,,普通本科,,公办
4549,广西质量工程职业技术学院,广西,,普通本科,,公办
631,广西金融职业技术学院,广西,,普通本科,,公办
1227,庆阳职业技术学院,甘肃,,普通本科,,公办
4515,康复大学,山东,,普通本科,,公办
1394,廊坊卫生职业学院,河北,,普通本科,,公办
3340,廊坊师范学院,河北,,普通本科,,公办
1452,廊坊燕京职业技术学院,河北,,普通本科,,公办
8308,廊坊职业技术学院,河北,,普通本科,,公办
5330,延安大学,陕西,,普通本科,,公办
6162,延安大学西安创新学院,陕西,,民办/独立学院,,民办
6187,延安职业技术学院,陕西,,普通本科,,公办
1740,延边大学,吉林,,211,,公办
1775,延边职业技术学院,吉林,,普通本科,,公办
8249,建东职业技术学院,江苏,,民办/独立学院,,民办
4126,开封大学,河南,,普通本科,,公办
4182,开封文化艺术职业学院,河南,,普通本科,,公办
3260,张家口学院,河北,,普通本科,,公办
2767,张家口职业技术学院,河北,,普通本科,,公办
2765,张家界学院,湖南,,民办/独立学院,,民办
4341,张家界航空工业职业技术学院,湖南,,普通本科,,公办
2632,徐州医科大学,江苏,,普通本科,,公办
2630,徐州工业职业技术学院,江苏,,普通本科,,公办
5640,徐州工程学院,江苏,,普通本科,,公办
7146,徐州幼儿师范高等专科学校,江苏,,普通本科,,公办
1762,徐州生物工程职业技术学院,江苏,,普通本科,,公办
5317,德宏师范学院,云南,,普通本科,,公办
5375,德宏职业学院,云南,,普通本科,,公办
4405,德州学院,山东,,普通本科,,公办
2180,德州工程职业学院,山东,,普通本科,,民办
2181,德州科技职业学院,山东,,普通本科,,民办
301,德州职业技术学院,山东,,普通本科,,公办
8119,德阳农业科技职业学院,四川,,民办/独立学院,,民办
8118,德阳城市轨道交通职业学院,四川,,民办/独立学院,,民办
431,德阳科贸职业学院,四川,,民办/独立学院,,民办
835,徽商职业学院,,,普通本科,,
3405,忻州师范学院,山西,,普通本科,,公办
13821,忻州职业技术学院,山西,,普通本科,,公办
4760,怀化学院,湖南,,普通本科,,公办
4348,怀化职业技术学院,湖南,,普通本科,,公办
4248,恩施职业技术学院,湖北,,普通本科,,公办
1200,惠州卫生职业技术学院,广东,,普通本科,,公办
836,惠州城市职业学院,,,普通本科,,
4433,惠州学院,广东,,普通本科,,公办
837,惠州工程职业学院,广东,,普通本科,,公办
9700,成都东软学院,四川,,民办/独立学院,,民办
5167,成都东软学院(中外合作办学项目),四川,,普通本科,,中外合作办学
2620,成都中医药大学,四川,,普通本科,,公办
5123,成都体育学院,四川,,普通本科,,公办
5108,成都信息工程大学,四川,,普通本科,,公办
5153,成都农业科技职业学院,四川,,普通本科,,公办
5101,成都医学院,四川,,普通本科,,公办
5135,成都外国语学院,四川,,民办/独立学院,,民办
5180,成都大学,四川,,普通本科,,公办
5138,成都工业学院,四川,,普通本科,,公办
289,成都工业职业技术学院,四川,,普通本科,,公办
287,成都工贸职业技术学院,四川,,普通本科,,公办
4995,成都师范学院,四川,,普通本科,,公办
5133,成都文理学院,四川,,民办/独立学院,,民办
5106,成都理工大学,四川,,普通本科,,公办
5130,成都理工大学工程技术学院,四川,,民办/独立学院,,民办
5140,成都纺织高等专科学校,四川,,普通本科,,公办
5161,成都职业技术学院,四川,,普通本科,,公办
5151,成都航空职业技术大学,四川,,普通本科,,公办
2135,成都艺术职业大学,四川,,普通本科,,民办
6985,成都银杏酒店管理学院,四川,,民办/独立学院,,民办
6664,成都锦城学院,四川,,民办/独立学院,,民办
1828,扎兰屯职业学院,内蒙古,,普通本科,,公办
8497,扬州中瑞酒店职业学院,江苏,,民办/独立学院,,民办
1835,扬州大学,江苏,,普通本科,,公办
2666,扬州大学广陵学院,江苏,,民办/独立学院,,民办
1787,扬州工业职业技术学院,江苏,,普通本科,,公办
2669,扬州职业技术大学,江苏,,普通本科,,公办
3325,承德医学院,河北,,普通本科,,公办
228,承德应用技术职业学院,河北,,普通本科,,公办
1354,承德护理职业学院,河北,,普通本科,,公办
7342,抚州医药学院,江西,,普通本科,,公办
8124,抚州幼儿师范高等专科学校,江西,,普通本科,,公办
3695,抚州职业技术学院,江西,,普通本科,,公办
2191,抚顺师范高等专科学校,辽宁,,普通本科,,公办
2149,抚顺职业技术学院,辽宁,,普通本科,,公办
1427,拉萨师范学院,西藏,,普通本科,,公办
1364,揭阳职业技术学院,广东,,普通本科,,公办
5085,攀枝花学院,四川,,普通本科,,公办
8335,攀枝花攀西职业学院,四川,,民办/独立学院,,民办
3367,文华学院,湖北,,民办/独立学院,,民办
7287,文山学院,云南,,普通本科,,公办
6165,新乡学院,河南,,普通本科,,公办
6503,新乡工程学院,河南,,民办/独立学院,,民办
6291,新乡职业技术学院,河南,,普通本科,,公办
7164,新余学院,江西,,普通本科,,公办
6559,新星职业技术学院,新疆,,普通本科,,公办
1726,新疆交通职业技术大学,新疆,,普通本科,,公办
6502,新疆农业大学,新疆,,普通本科,,公办
6514,新疆农业职业技术大学,新疆,,普通本科,,公办
6523,新疆医科大学,新疆,,普通本科,,公办
8490,新疆司法警官职业学院,新疆,,普通本科,,公办
6543,新疆和田学院,新疆,,普通本科,,公办
2120,新疆大学,新疆,,211,,公办
6520,新疆天山职业技术大学,新疆,,民办/独立学院,,民办
6509,新疆工业学院,新疆,,普通本科,,公办
6512,新疆工程学院,新疆,,普通本科,,公办
6504,新疆师范大学,新疆,,普通本科,,公办
6538,新疆师范高等专科学校,新疆,,普通本科,,公办
6534,新疆应用职业技术学院,新疆,,普通本科,,公办
1725,新疆建设职业技术学院,,,普通本科,,
6522,新疆政法学院,新疆,,普通本科,,公办
2571,新疆现代职业技术学院,,,普通本科,,
6508,新疆理工学院,新疆,,普通本科,,公办
,新疆理工职业大学,新疆,,普通本科,,公办
6540,新疆生产建设兵团兴新职业技术学院,新疆,,普通本科,,公办
6530,新疆石河子职业技术学院,新疆,,普通本科,,公办
2568,新疆科信职业技术学院,新疆,,普通本科,,民办
6507,新疆科技学院,新疆,,普通本科,,公办
8488,新疆科技职业技术学院,新疆,,民办/独立学院,,民办
6510,新疆第二医学院,新疆,,普通本科,,公办
6532,新疆职业大学,新疆,,普通本科,,公办
2569,新疆能源职业技术学院,新疆,,普通本科,,民办
9951,新疆艺术学院,新疆,,普通本科,,公办
6536,新疆警察学院,新疆,,普通本科,,公办
6506,新疆财经大学,新疆,,普通本科,,公办
6516,新疆轻工职业技术学院,新疆,,普通本科,,公办
2600,新疆铁道职业技术学院,新疆,,普通本科,,公办
2378,无锡南洋职业技术学院,江苏,,民办/独立学院,,民办
3296,无锡商业职业技术学院,江苏,,普通本科,,公办
1604,无锡城市职业技术学院,江苏,,普通本科,,公办
3242,无锡太湖学院,江苏,,民办/独立学院,,民办
3257,无锡学院,江苏,,普通本科,,公办
9752,无锡工艺职业技术学院,江苏,,普通本科,,公办
1217,无锡师范高等专科学校,江苏,,普通本科,,公办
2594,无锡科技职业学院,江苏,,普通本科,,公办
1211,无锡职业技术大学,江苏,,普通本科,,公办
5412,日喀则职业技术学院,西藏,,普通本科,,公办
2409,日照康养职业学院,山东,,普通本科,,民办
,日照科技职业学院,山东,,民办/独立学院,,民办
3747,日照职业技术学院,山东,,普通本科,,公办
8347,日照航海工程职业学院,山东,,民办/独立学院,,民办
64,昆山杜克大学,,,普通本科,,
1424,昆山登云科技职业学院,江苏,,民办/独立学院,,民办
2331,昆明传媒学院,云南,,普通本科,,民办
5320,昆明冶金高等专科学校,云南,,普通本科,,公办
5255,昆明医科大学,云南,,普通本科,,公办
6905,昆明医科大学海源学院,云南,,民办/独立学院,,民办
5381,昆明卫生职业学院,云南,,民办/独立学院,,民办
5315,昆明城市学院,云南,,民办/独立学院,,民办
5560,昆明学院,云南,,普通本科,,公办
5355,昆明工业职业技术学院,云南,,普通本科,,公办
5327,昆明文理学院,云南,,民办/独立学院,,民办
5230,昆明理工大学,云南,,普通本科,,公办
5339,昆明理工大学津桥学院,云南,,民办/独立学院,,民办
1422,昆明艺术职业学院,云南,,民办/独立学院,,民办
5384,昆明铁道职业技术学院,云南,,普通本科,,公办
6561,昆玉职业技术学院,新疆,,普通本科,,公办
6525,昌吉学院,新疆,,普通本科,,公办
3292,明达职业技术学院,江苏,,民办/独立学院,,民办
4435,星海音乐学院,广东,,普通本科,,公办
5361,昭通卫生职业学院,云南,,普通本科,,公办
5340,昭通学院,云南,,普通本科,,公办
1453,晋中信息学院,山西,,民办/独立学院,,民办
1445,晋中学院,山西,,普通本科,,公办
961,晋城职业技术学院,,,普通本科,,
5359,普洱学院,云南,,普通本科,,公办
3629,景德镇学院,江西,,普通本科,,公办
3662,景德镇艺术职业大学,江西,,民办/独立学院,,民办
3605,景德镇陶瓷大学,江西,,普通本科,,公办
3675,景德镇陶瓷职业技术学院,江西,,民办/独立学院,,民办
4402,暨南大学,广东,,211,,公办
4400,曲阜师范大学,山东,,普通本科,,公办
3736,曲阜远东职业技术学院,山东,,民办/独立学院,,民办
7282,曲靖健康医学院,云南,,普通本科,,公办
5307,曲靖师范学院,云南,,普通本科,,公办
2106,曹妃甸职业技术学院,河北,,普通本科,,民办
2145,朔州师范高等专科学校,山西,,普通本科,,公办
1459,朔州职业技术学院,山西,,普通本科,,公办
1458,朔州陶瓷职业技术学院,,,普通本科,,
2179,朝阳师范学院,辽宁,,普通本科,,公办
841,杭州万向职业技术学院,浙江,,民办/独立学院,,民办
7338,杭州医学院,浙江,,普通本科,,公办
4055,杭州师范大学,浙江,,普通本科,,公办
3302,杭州电子科技大学,浙江,,普通本科,,公办
6956,杭州电子科技大学信息工程学院,浙江,,民办/独立学院,,民办
8745,杭州科技职业技术学院,浙江,,普通本科,,公办
8581,杭州职业技术大学,浙江,,普通本科,,公办
1483,松原职业技术学院,吉林,,普通本科,,公办
2348,林州建筑职业技术学院,河南,,普通本科,,民办
4505,枣庄学院,山东,,普通本科,,公办
,枣庄应用技术职业学院,山东,,民办/独立学院,,民办
8513,枣庄科技职业学院,山东,,普通本科,,公办
8695,枣庄职业学院,山东,,普通本科,,公办
4551,柳州城市职业学院,广西,,普通本科,,公办
4507,柳州工学院,广西,,民办/独立学院,,民办
4516,柳州职业技术大学,广西,,普通本科,,公办
8316,柳州铁道职业技术学院,广西,,普通本科,,公办
2945,株洲师范高等专科学校,湖南,,普通本科,,公办
2628,株洲科技职业学院,湖南,,普通本科,,民办
8163,桂林信息工程职业学院,广西,,民办/独立学院,,民办
4550,桂林信息科技学院,广西,,民办/独立学院,,民办
4945,桂林医科大学,广西,,普通本科,,公办
6884,桂林学院,广西,,民办/独立学院,,民办
2237,桂林山水职业学院,广西,,普通本科,,民办
2549,桂林师范学院,广西,,普通本科,,公办
4513,桂林旅游学院,广西,,普通本科,,公办
4930,桂林理工大学,广西,,普通本科,,公办
4580,桂林生命与健康职业技术学院,广西,,民办/独立学院,,民办
4925,桂林电子科技大学,广西,,普通本科,,公办
7221,桂林航天工业学院,广西,,普通本科,,公办
7145,桐城师范高等专科学校,安徽,,普通本科,,公办
2260,梅河口康美职业技术学院,吉林,,民办/独立学院,,民办
4579,梧州医学高等专科学校,广西,,民办/独立学院,,民办
4531,梧州学院,广西,,普通本科,,公办
4557,梧州职业学院,广西,,普通本科,,公办
7286,楚雄医药高等专科学校,云南,,普通本科,,公办
5311,楚雄师范学院,云南,,普通本科,,公办
5665,榆林学院,陕西,,普通本科,,公办
2702,榆林职业技术学院,陕西,,普通本科,,公办
6199,榆林能源科技职业学院,陕西,,民办/独立学院,,民办
2841,正德职业技术学院,江苏,,民办/独立学院,,民办
3514,武夷学院,福建,,普通本科,,公办
3582,武夷山职业学院,福建,,民办/独立学院,,民办
2391,武昌工学院,湖北,,民办/独立学院,,民办
4227,武昌理工学院,湖北,,民办/独立学院,,民办
8468,武昌职业学院,湖北,,民办/独立学院,,民办
3379,武昌首义学院,湖北,,民办/独立学院,,民办
2401,武汉东湖学院,湖北,,民办/独立学院,,民办
4284,武汉交通职业学院,湖北,,普通本科,,公办
2397,武汉传媒学院,湖北,,民办/独立学院,,民办
4213,武汉体育学院,湖北,,普通本科,,公办
2428,武汉体育学院体育科技学院,湖北,,民办/独立学院,,民办
8477,武汉信息传播职业技术学院,湖北,,民办/独立学院,,民办
2410,武汉光谷职业学院,湖北,,民办/独立学院,,民办
6856,武汉华夏理工学院,湖北,,民办/独立学院,,民办
8857,武汉商学院,湖北,,普通本科,,公办
4258,武汉商贸职业学院,湖北,,民办/独立学院,,民办
4279,武汉城市学院,湖北,,民办/独立学院,,民办
4285,武汉城市职业学院,湖北,,普通本科,,公办
2431,武汉外语外事职业学院,湖北,,民办/独立学院,,民办
4201,武汉大学,湖北,,985,,公办
2434,武汉学院,湖北,,民办/独立学院,,民办
6863,武汉工商学院,湖北,,民办/独立学院,,民办
4202,武汉工程大学,湖北,,普通本科,,公办
6978,武汉工程大学邮电与信息工程学院,湖北,,民办/独立学院,,民办
2406,武汉工程科技学院,湖北,,民办/独立学院,,民办
8471,武汉工程职业技术学院,湖北,,普通本科,,公办
2432,武汉文理学院,湖北,,民办/独立学院,,民办
2421,武汉晴川学院,湖北,,民办/独立学院,,民办
9788,武汉民政职业学院,湖北,,普通本科,,公办
2411,武汉海事职业学院,湖北,,普通本科,,公办
1315,武汉理工大学,湖北,,211,,公办
4250,武汉生物工程学院,湖北,,民办/独立学院,,民办
4256,武汉电力职业技术学院,湖北,,普通本科,,公办
2220,武汉科技大学,湖北,,普通本科,,公办
4259,武汉科技职业学院,湖北,,民办/独立学院,,民办
4204,武汉纺织大学,湖北,,普通本科,,公办
4235,武汉纺织大学外经贸学院,湖北,,民办/独立学院,,民办
4240,武汉职业技术大学,湖北,,普通本科,,公办
2412,武汉航海职业技术学院,湖北,,普通本科,,公办
4241,武汉船舶职业技术学院,湖北,,普通本科,,公办
4282,武汉警官职业学院,湖北,,普通本科,,公办
2425,武汉设计工程学院,湖北,,民办/独立学院,,民办
4255,武汉软件工程职业学院,湖北,,普通本科,,公办
4565,武汉轻工大学,湖北,,普通本科,,公办
8475,武汉铁路桥梁职业学院,湖北,,普通本科,,公办
4280,武汉铁路职业技术学院,湖北,,普通本科,,公办
2438,武警工程大学,陕西,,普通本科,,公办
5128,武警警官学院,四川,,普通本科,,公办
5259,毕节医学高等专科学校,贵州,,普通本科,,公办
5250,毕节工业职业技术学院,贵州,,普通本科,,公办
5274,毕节幼儿师范高等专科学校,贵州,,普通本科,,公办
1076,毕节职业技术学院,贵州,,普通本科,,公办
2362,民办万博科技职业学院,安徽,,普通本科,,民办
2358,民办合肥滨湖职业技术学院,,,普通本科,,
2360,民办合肥经济技术职业学院,,,普通本科,,
2359,民办合肥财经职业学院,,,普通本科,,
5141,民办四川天一学院,四川,,民办/独立学院,,民办
1128,民政职业大学,北京,,普通本科,,公办
1799,永城职业学院,河南,,普通本科,,公办
2697,永州师范高等专科学校,湖南,,普通本科,,公办
4336,永州职业技术学院,湖南,,普通本科,,公办
6196,汉中职业技术学院,陕西,,普通本科,,公办
834,汉口学院,湖北,,民办/独立学院,,民办
7195,汉江师范学院,湖北,,普通本科,,公办
4497,汕头大学,广东,,普通本科,,公办
1353,汕头职业技术学院,,,普通本科,,
2765,汕尾职业技术学院,广东,,普通本科,,公办
1238,汝州职业技术学院,河南,,普通本科,,公办
1150,江南大学,江苏,,211,,公办
2307,江南影视艺术职业学院,江苏,,普通本科,,民办
4266,江汉大学,湖北,,普通本科,,公办
9783,江汉艺术职业学院,湖北,,普通本科,,公办
8250,江海职业技术学院,江苏,,民办/独立学院,,民办
916,江苏信息职业技术学院,江苏,,普通本科,,公办
3229,江苏农林职业技术学院,江苏,,普通本科,,公办
3253,江苏农牧科技职业学院,江苏,,普通本科,,公办
8261,江苏医药职业学院,江苏,,普通本科,,公办
1297,江苏卫生健康职业学院,江苏,,普通本科,,公办
8258,江苏商贸职业学院,江苏,,普通本科,,公办
1269,江苏城乡建设职业学院,江苏,,普通本科,,公办
7123,江苏城市职业学院,江苏,,普通本科,,公办
1840,江苏大学,江苏,,普通本科,,公办
3270,江苏大学京江学院,江苏,,民办/独立学院,,民办
1265,江苏安全技术职业学院,江苏,,普通本科,,公办
8509,江苏工程职业技术学院,江苏,,普通本科,,公办
3930,江苏师范大学,江苏,,普通本科,,公办
1294,江苏师范大学科文学院,江苏,,民办/独立学院,,民办
7463,江苏建筑职业技术学院,江苏,,普通本科,,公办
8255,江苏护理职业学院,江苏,,普通本科,,公办
8256,江苏旅游职业学院,江苏,,普通本科,,公办
3243,江苏海事职业技术学院,江苏,,普通本科,,公办
3227,江苏海洋大学,江苏,,普通本科,,公办
3265,江苏理工学院,江苏,,普通本科,,公办
8513,江苏电子信息职业学院,江苏,,普通本科,,公办
2270,江苏科技大学,江苏,,普通本科,,公办
1284,江苏科技大学苏州理工学院,江苏,,民办/独立学院,,民办
3865,江苏第二师范学院,江苏,,普通本科,,公办
9488,江苏经贸职业技术学院,江苏,,普通本科,,公办
1277,江苏航空职业技术学院,江苏,,普通本科,,公办
1278,江苏航运职业技术学院,江苏,,普通本科,,公办
1266,江苏财会职业学院,江苏,,普通本科,,公办
1267,江苏财经职业技术学院,江苏,,普通本科,,公办
3238,江苏食品药品职业技术学院,江苏,,普通本科,,公办
3607,江西中医药大学,江西,,普通本科,,公办
3644,江西交通职业技术学院,江西,,普通本科,,公办
8263,江西传媒职业学院,江西,,普通本科,,公办
3673,江西信息应用职业技术学院,江西,,普通本科,,公办
4255,江西农业大学,江西,,普通本科,,公办
3660,江西农业大学南昌商学院,江西,,民办/独立学院,,民办
8278,江西农业工程职业学院,江西,,普通本科,,公办
1348,江西冶金职业技术学院,江西,,普通本科,,公办
1878,江西制造职业技术学院,江西,,普通本科,,公办
4325,江西医学高等专科学校,江西,,普通本科,,公办
3654,江西司法警官职业学院,江西,,普通本科,,公办
8285,江西外语外贸职业学院,江西,,普通本科,,公办
8286,江西婺源茶业职业学院,江西,,普通本科,,公办
8267,江西工业工程职业技术学院,江西,,普通本科,,公办
3634,江西工业职业技术学院,江西,,普通本科,,公办
8268,江西工业贸易职业技术学院,江西,,普通本科,,公办
3685,江西工商职业技术学院,江西,,民办/独立学院,,民办
3657,江西工程学院,江西,,民办/独立学院,,民办
3675,江西工程职业学院,江西,,普通本科,,公办
3609,江西师范大学,江西,,普通本科,,公办
3621,江西师范大学科学技术学院,江西,,民办/独立学院,,民办
3688,江西师范高等专科学校,江西,,普通本科,,公办
1351,江西应用工程职业学院,江西,,普通本科,,公办
8710,江西应用技术职业学院,江西,,普通本科,,公办
3638,江西应用科技学院,江西,,民办/独立学院,,民办
3661,江西建设职业技术学院,江西,,普通本科,,公办
3682,江西新能源科技职业学院,江西,,民办/独立学院,,民办
8277,江西旅游商贸职业学院,江西,,普通本科,,公办
3651,江西服装学院,江西,,民办/独立学院,,民办
8706,江西机电职业技术学院,江西,,普通本科,,公办
3691,江西枫林涉外经贸职业学院,江西,,民办/独立学院,,民办
8292,江西樟树中医药职业学院,江西,,民办/独立学院,,民办
4345,江西水利电力大学,江西,,普通本科,,公办
3683,江西水利职业学院,江西,,普通本科,,公办
8283,江西泰豪动漫职业学院,江西,,民办/独立学院,,民办
3686,江西洪州职业学院,江西,,民办/独立学院,,民办
3658,江西环境工程职业学院,江西,,普通本科,,公办
3648,江西现代职业技术学院,江西,,普通本科,,公办
2435,江西理工大学,江西,,普通本科,,公办
8279,江西生物科技职业学院,江西,,普通本科,,公办
3639,江西电力职业技术学院,江西,,普通本科,,公办
3635,江西科技学院,江西,,民办/独立学院,,民办
3615,江西科技师范大学,江西,,普通本科,,公办
3652,江西科技职业学院,江西,,民办/独立学院,,民办
3684,江西管理职业学院,江西,,普通本科,,公办
3633,江西职业技术大学,江西,,普通本科,,公办
9774,江西航空职业技术学院,江西,,民办/独立学院,,民办
950,江西艺术职业学院,,,普通本科,,
3672,江西警察学院,江西,,普通本科,,公办
3613,江西财经大学,江西,,普通本科,,公办
3679,江西财经大学现代经济管理学院,江西,,普通本科,,独立学院
3660,江西财经职业学院,江西,,普通本科,,公办
3664,江西软件职业技术大学,江西,,民办/独立学院,,民办
1331,江西青年职业学院,江西,,普通本科,,公办
8738,江西飞行学院,江西,,普通本科,,公办
8252,江门职业技术学院,广东,,普通本科,,公办
2322,江阳城建职业学院,四川,,民办/独立学院,,民办
3233,江阴职业技术学院,江苏,,普通本科,,公办
7147,池州学院,安徽,,普通本科,,公办
2110,沈阳体育学院,辽宁,,普通本科,,公办
1710,沈阳农业大学,辽宁,,普通本科,,公办
3555,沈阳化工大学,辽宁,,普通本科,,公办
2188,沈阳北软信息职业技术学院,辽宁,,民办/独立学院,,民办
2189,沈阳医学院,辽宁,,普通本科,,公办
2151,沈阳城市学院,辽宁,,民办/独立学院,,民办
2160,沈阳城市建设学院,辽宁,,民办/独立学院,,民办
3495,沈阳大学,辽宁,,普通本科,,公办
2102,沈阳工业大学,辽宁,,普通本科,,公办
2159,沈阳工学院,辽宁,,民办/独立学院,,民办
2130,沈阳工程学院,辽宁,,普通本科,,公办
3525,沈阳师范大学,辽宁,,普通本科,,公办
2285,沈阳建筑大学,辽宁,,普通本科,,公办
3545,沈阳理工大学,辽宁,,普通本科,,公办
2106,沈阳科技学院,辽宁,,民办/独立学院,,民办
2171,沈阳职业技术学院,辽宁,,普通本科,,公办
3550,沈阳航空航天大学,辽宁,,普通本科,,公办
2119,沈阳药科大学,辽宁,,普通本科,,公办
2135,沈阳音乐学院,辽宁,,普通本科,,公办
1852,沙洲职业工学院,江苏,,普通本科,,公办
202,沧州交通学院,河北,,民办/独立学院,,民办
204,沧州医学高等专科学校,河北,,普通本科,,公办
1399,沧州师范学院,河北,,普通本科,,公办
205,沧州幼儿师范高等专科学校,河北,,普通本科,,公办
164,沧州职业技术学院,河北,,普通本科,,公办
2104,沧州航空职业学院,河北,,普通本科,,民办
1390,河北东方学院,河北,,民办/独立学院,,民办
3265,河北中医药大学,河北,,普通本科,,公办
8112,河北交通职业技术学院,河北,,普通本科,,公办
7604,河北传媒学院,河北,,民办/独立学院,,民办
609,河北体育学院,,,普通本科,,
1353,河北农业大学,河北,,普通本科,,公办
1995,河北农业大学现代科技学院,,,普通本科,,
585,河北劳动关系职业学院,,,普通本科,,
7704,河北化工医药职业技术学院,河北,,普通本科,,公办
3320,河北北方学院,河北,,普通本科,,公办
3275,河北医科大学,河北,,普通本科,,公办
1359,河北医科大学临床学院,河北,,民办/独立学院,,民办
1384,河北司法警官职业学院,河北,,普通本科,,公办
1302,河北地质大学,河北,,普通本科,,公办
1378,河北地质大学华信学院,河北,,民办/独立学院,,民办
1339,河北外国语学院,河北,,民办/独立学院,,民办
1524,河北大学,河北,,普通本科,,公办
596,河北女子职业技术学院,河北,,普通本科,,公办
1380,河北对外经贸职业学院,河北,,普通本科,,公办
1215,河北工业大学,天津,,211,,公办
871,河北工业职业技术大学,河北,,普通本科,,公办
2545,河北工程大学,河北,,普通本科,,公办
1316,河北工程大学科信学院,河北,,民办/独立学院,,民办
1373,河北工程技术学院,河北,,民办/独立学院,,民办
873,河北工艺美术职业学院,河北,,普通本科,,公办
3280,河北师范大学,河北,,普通本科,,公办
1326,河北建材职业技术学院,河北,,普通本科,,公办
3300,河北建筑工程学院,河北,,普通本科,,公办
616,河北政法职业学院,河北,,普通本科,,公办
1332,河北旅游职业学院,河北,,普通本科,,公办
1364,河北机电职业技术学院,河北,,普通本科,,公办
9424,河北正定师范高等专科学校,河北,,普通本科,,公办
7039,河北民族师范学院,河北,,普通本科,,公办
7031,河北水利电力学院,河北,,普通本科,,公办
8139,河北环境工程学院,河北,,普通本科,,公办
902,河北石油职业技术大学,河北,,普通本科,,公办
2540,河北科技大学,河北,,普通本科,,公办
889,河北科技学院,河北,,民办/独立学院,,民办
7008,河北科技工程职业技术大学,河北,,普通本科,,公办
1545,河北科技师范学院,河北,,普通本科,,公办
1386,河北经贸大学,河北,,普通本科,,公办
1994,河北经贸大学经济管理学院,河北,,普通本科,,民办
2268,河北美术学院,河北,,普通本科,,民办
1341,河北能源职业技术学院,河北,,普通本科,,公办
614,河北艺术职业学院,,,普通本科,,
621,河北资源环境职业技术学院,河北,,普通本科,,公办
8113,河北轨道运输职业技术学院,河北,,普通本科,,公办
8111,河北软件职业技术学院,河北,,普通本科,,公办
5705,河北金融学院,河北,,普通本科,,公办
597,河北青年管理干部学院,,,普通本科,,
4109,河南中医药大学,河南,,普通本科,,公办
4156,河南交通职业技术学院,河南,,普通本科,,公办
6530,河南体育学院,河南,,普通本科,,公办
4108,河南农业大学,河南,,普通本科,,公办
646,河南农业职业学院,河南,,普通本科,,公办
6317,河南医学高等专科学校,河南,,普通本科,,公办
4110,河南医药大学,河南,,普通本科,,公办
6263,河南司法警官职业学院,河南,,普通本科,,公办
8191,河南地矿职业学院,河南,,普通本科,,公办
4117,河南城建学院,河南,,普通本科,,公办
6410,河南大学,河南,,普通本科,,公办
927,河南工业和信息化职业学院,河南,,普通本科,,公办
4105,河南工业大学,河南,,普通本科,,公办
4140,河南工业职业技术学院,河南,,普通本科,,公办
928,河南工业贸易职业学院,河南,,普通本科,,公办
6214,河南工学院,河南,,普通本科,,公办
6155,河南工程学院,河南,,普通本科,,公办
6411,河南师范大学,河南,,普通本科,,公办
14307,河南应用技术职业学院,河南,,普通本科,,公办
2270,河南开封科技传媒学院,河南,,普通本科,,民办
4197,河南护理职业学院,河南,,普通本科,,公办
6381,河南推拿职业学院,河南,,普通本科,,公办
638,河南检察职业学院,河南,,普通本科,,公办
6192,河南水利与环境职业学院,河南,,普通本科,,公办
8190,河南测绘职业学院,河南,,普通本科,,公办
4123,河南牧业经济学院,河南,,普通本科,,公办
6100,河南理工大学,河南,,普通本科,,公办
4106,河南科技大学,河南,,普通本科,,公办
1578,河南科技学院,河南,,普通本科,,公办
640,河南经贸职业学院,河南,,普通本科,,公办
206,河南职业技术学院,河南,,普通本科,,公办
4165,河南财政金融学院,河南,,普通本科,,公办
6080,河南财经政法大学,河南,,普通本科,,公办
958,河南质量工程职业学院,河南,,普通本科,,公办
8193,河南轻工职业学院,河南,,普通本科,,公办
960,河套学院,内蒙古,,普通本科,,公办
4505,河池学院,广西,,普通本科,,公办
3211,河海大学,江苏,,211,,公办
8196,河源职业技术学院,广东,,普通本科,,公办
1592,河西学院,甘肃,,普通本科,,公办
3571,泉州信息工程学院,福建,,民办/独立学院,,民办
7041,泉州医学高等专科学校,福建,,普通本科,,公办
7037,泉州华光职业学院,福建,,民办/独立学院,,民办
7034,泉州工程职业技术学院,福建,,民办/独立学院,,民办
7035,泉州工艺美术职业学院,福建,,普通本科,,公办
3555,泉州师范学院,福建,,普通本科,,公办
7045,泉州幼儿师范高等专科学校,福建,,普通本科,,公办
3573,泉州海洋职业学院,福建,,民办/独立学院,,民办
3523,泉州纺织服装职业学院,福建,,民办/独立学院,,民办
3541,泉州经贸职业技术学院,福建,,普通本科,,公办
2407,泉州职业技术大学,福建,,普通本科,,民办
3564,泉州轻工职业学院,福建,,民办/独立学院,,民办
4470,泰山学院,山东,,普通本科,,公办
2252,泰山护理职业学院,山东,,普通本科,,公办
3756,泰山科技学院,山东,,民办/独立学院,,民办
2255,泰山职业技术学院,山东,,普通本科,,公办
2256,泰州学院,江苏,,普通本科,,公办
2257,泰州职业技术学院,江苏,,普通本科,,公办
8317,泸州医疗器械职业学院,四川,,民办/独立学院,,民办
5159,泸州职业技术学院,四川,,普通本科,,公办
4142,洛阳师范学院,河南,,普通本科,,公办
4127,洛阳理工学院,河南,,普通本科,,公办
2351,洛阳科技职业学院,河南,,普通本科,,民办
1559,洛阳职业技术学院,河南,,普通本科,,公办
4350,济南大学,山东,,普通本科,,公办
3707,济南工程职业技术学院,山东,,普通本科,,公办
1243,济南幼儿师范高等专科学校,山东,,普通本科,,公办
1242,济南护理职业学院,山东,,普通本科,,公办
872,济南职业学院,山东,,普通本科,,公办
3764,济宁医学院,山东,,普通本科,,公办
7176,济宁学院,山东,,普通本科,,公办
,济宁汽车工程职业学院,山东,,民办/独立学院,,民办
1247,济宁职业技术学院,山东,,普通本科,,公办
4193,济源职业技术学院,河南,,普通本科,,公办
2779,浙大城市学院,浙江,,普通本科,,公办
3338,浙大宁波理工学院,浙江,,普通本科,,公办
7600,浙江万里学院,浙江,,普通本科,,公办
55,浙江东方职业技术学院,浙江,,民办/独立学院,,民办
4030,浙江中医药大学,浙江,,普通本科,,公办
8590,浙江交通职业技术学院,浙江,,普通本科,,公办
3960,浙江传媒学院,浙江,,普通本科,,公办
8524,浙江农业商贸职业学院,浙江,,普通本科,,公办
4025,浙江农林大学,浙江,,普通本科,,公办
13283,浙江农林大学暨阳学院,浙江,,民办/独立学院,,民办
8558,浙江同济科技职业学院,浙江,,普通本科,,公办
8598,浙江商业职业技术学院,浙江,,普通本科,,公办
8369,浙江国际海运职业技术学院,浙江,,普通本科,,公办
5858,浙江外国语学院,浙江,,普通本科,,公办
3301,浙江大学,浙江,,985,,公办
3358,浙江大学医学院,浙江,,985,,公办
88,浙江宇翔职业技术学院,浙江,,民办/独立学院,,民办
8564,浙江安防职业技术学院,浙江,,普通本科,,公办
2415,浙江工业大学,浙江,,普通本科,,公办
6953,浙江工业大学之江学院,浙江,,民办/独立学院,,民办
8592,浙江工业职业技术学院,浙江,,普通本科,,公办
4060,浙江工商大学,浙江,,普通本科,,公办
6966,浙江工商大学杭州商学院,浙江,,民办/独立学院,,民办
3379,浙江工商职业技术学院,浙江,,普通本科,,公办
3315,浙江工贸职业技术学院,浙江,,普通本科,,公办
2575,浙江师范大学,浙江,,普通本科,,公办
2820,浙江师范大学行知学院,浙江,,民办/独立学院,,民办
2797,浙江广厦建设职业技术大学,浙江,,民办/独立学院,,民办
8593,浙江建设职业技术学院,浙江,,普通本科,,公办
8523,浙江旅游职业学院,浙江,,普通本科,,公办
8591,浙江机电职业技术大学,浙江,,普通本科,,公办
7611,浙江树人学院,浙江,,民办/独立学院,,民办
8318,浙江横店影视职业学院,浙江,,民办/独立学院,,民办
7132,浙江水利水电学院,浙江,,普通本科,,公办
2817,浙江汽车职业技术学院,浙江,,民办/独立学院,,民办
4020,浙江海洋大学,浙江,,普通本科,,公办
2823,浙江特殊教育职业学院,浙江,,普通本科,,公办
2255,浙江理工大学,浙江,,普通本科,,公办
6957,浙江理工大学科技与艺术学院,浙江,,民办/独立学院,,民办
4010,浙江科技大学,浙江,,普通本科,,公办
9491,浙江纺织服装职业技术学院,浙江,,普通本科,,公办
3355,浙江经济职业技术学院,浙江,,普通本科,,公办
8602,浙江经贸职业技术学院,浙江,,普通本科,,公办
54,浙江育英职业技术学院,浙江,,民办/独立学院,,民办
232,浙江舟山群岛新区旅游与健康职业学院,浙江,,普通本科,,公办
2830,浙江艺术职业学院,浙江,,普通本科,,公办
7006,浙江药科职业大学,浙江,,普通本科,,公办
2900,浙江警官职业学院,浙江,,普通本科,,公办
3595,浙江警察学院,浙江,,普通本科,,公办
3361,浙江财经大学,浙江,,普通本科,,公办
6970,浙江财经大学东方学院,浙江,,民办/独立学院,,民办
2835,浙江越秀外国语学院,浙江,,民办/独立学院,,民办
8561,浙江邮电职业技术学院,浙江,,普通本科,,公办
150,浙江金华科贸职业技术学院,浙江,,民办/独立学院,,民办
8520,浙江金融职业学院,浙江,,普通本科,,公办
56,浙江长征职业技术学院,浙江,,民办/独立学院,,民办
808,海军军医大学,上海,,211,,公办
,海军大连舰艇学院,,,普通本科,,
806,海军工程大学,湖北,,普通本科,,公办
,海军航空大学,,,普通本科,,
4629,海南东方新丝路职业学院,海南,,民办/独立学院,,民办
4627,海南健康管理职业技术学院,海南,,民办/独立学院,,民办
5005,海南医科大学,海南,,普通本科,,公办
9667,海南卫生健康职业学院,海南,,普通本科,,公办
9671,海南外国语职业学院,海南,,普通本科,,公办
2750,海南大学,海南,,211,,公办
4609,海南工商职业学院,海南,,民办/独立学院,,民办
5010,海南师范大学,海南,,普通本科,,公办
6009,海南政法职业学院,海南,,普通本科,,公办
4618,海南比勒费尔德应用科学大学,海南,,普通本科,,境外高校独立办学
5000,海南热带海洋学院,海南,,普通本科,,公办
4620,海南科技职业大学,海南,,民办/独立学院,,民办
9809,海南经贸职业技术学院,海南,,普通本科,,公办
4605,海南职业技术学院,海南,,普通本科,,公办
4608,海南软件职业技术学院,海南,,普通本科,,公办
4631,海口经济学院,海南,,民办/独立学院,,民办
3001,淄博师范高等专科学校,山东,,普通本科,,公办
2952,淄博职业技术大学,山东,,普通本科,,公办
3406,淮北师范大学,安徽,,普通本科,,公办
,淮北理工学院,安徽,,民办/独立学院,,民办
825,淮北职业技术学院,安徽,,普通本科,,公办
4170,淮南师范学院,安徽,,普通本科,,公办
1183,淮南职业技术学院,安徽,,普通本科,,公办
1181,淮南联合大学,安徽,,普通本科,,公办
3224,淮阴工学院,江苏,,普通本科,,公办
3905,淮阴师范学院,江苏,,普通本科,,公办
8401,深圳信息职业技术大学,广东,,普通本科,,公办
2086,深圳北理莫斯科大学,广东,,普通本科,,中外合作办学
1965,深圳大学,广东,,普通本科,,公办
1966,深圳技术大学,广东,,普通本科,,公办
4802,深圳理工大学,广东,,普通本科,,公办
4458,深圳职业技术大学,广东,,普通本科,,公办
1104,清华大学,北京,,985,,公办
1813,清远职业技术学院,广东,,普通本科,,公办
2129,渤海大学,辽宁,,普通本科,,公办
8080,渤海理工职业学院,河北,,民办/独立学院,,民办
8239,渤海船舶职业学院,辽宁,,普通本科,,公办
2560,温州医科大学,浙江,,普通本科,,公办
6960,温州医科大学仁济学院,浙江,,民办/独立学院,,民办
6640,温州商学院,浙江,,民办/独立学院,,民办
4050,温州大学,浙江,,普通本科,,公办
3343,温州理工学院,浙江,,普通本科,,公办
8466,温州科技职业学院,浙江,,普通本科,,公办
8467,温州职业技术学院,浙江,,普通本科,,公办
3357,温州肯恩大学,浙江,,普通本科,,中外合作办学
5380,渭南师范学院,陕西,,普通本科,,公办
6169,渭南职业技术学院,陕西,,普通本科,,公办
8689,湄洲湾职业技术学院,福建,,普通本科,,公办
4276,湖北三峡职业技术学院,湖北,,普通本科,,公办
2281,湖北三峡航空学院,湖北,,普通本科,,民办
4220,湖北中医药大学,湖北,,普通本科,,公办
4271,湖北中医药高等专科学校,湖北,,普通本科,,公办
4251,湖北交通职业技术学院,湖北,,普通本科,,公办
,湖北体育职业学院,湖北,,普通本科,,公办
2280,湖北健康职业学院,湖北,,普通本科,,民办
4590,湖北医药学院,湖北,,普通本科,,公办
1066,湖北医药学院药护学院,湖北,,民办/独立学院,,民办
4231,湖北商贸学院,湖北,,民办/独立学院,,民办
4289,湖北国土资源职业学院,湖北,,普通本科,,公办
4296,湖北城市建设职业技术学院,湖北,,普通本科,,公办
2210,湖北大学,湖北,,普通本科,,公办
4294,湖北大学知行学院,湖北,,民办/独立学院,,民办
1064,湖北孝感美珈职业学院,湖北,,民办/独立学院,,民办
4206,湖北工业大学,湖北,,普通本科,,公办
4281,湖北工业大学工程技术学院,湖北,,民办/独立学院,,民办
1034,湖北工业职业技术学院,湖北,,普通本科,,公办
1029,湖北工程学院,湖北,,普通本科,,公办
2734,湖北工程学院新技术学院,湖北,,民办/独立学院,,民办
1031,湖北工程职业学院,湖北,,普通本科,,公办
4595,湖北师范大学,湖北,,普通本科,,公办
2751,湖北师范大学文理学院,湖北,,民办/独立学院,,民办
8215,湖北幼儿师范高等专科学校,湖北,,普通本科,,公办
4274,湖北开放职业学院,湖北,,民办/独立学院,,民办
4278,湖北恩施学院,湖北,,民办/独立学院,,民办
4545,湖北文理学院,湖北,,普通本科,,公办
1063,湖北文理学院理工学院,湖北,,民办/独立学院,,民办
4625,湖北民族大学,湖北,,普通本科,,公办
4257,湖北水利水电职业技术学院,湖北,,普通本科,,公办
4555,湖北汽车工业学院,湖北,,普通本科,,公办
4510,湖北理工学院,湖北,,普通本科,,公办
4267,湖北生态工程职业技术学院,湖北,,普通本科,,公办
4268,湖北生物科技职业学院,湖北,,普通本科,,公办
4298,湖北科技学院,湖北,,普通本科,,公办
8207,湖北科技职业学院,湖北,,普通本科,,公办
7563,湖北第二师范学院,湖北,,普通本科,,公办
4284,湖北经济学院,湖北,,普通本科,,公办
1040,湖北经济学院法商学院,湖北,,民办/独立学院,,民办
1650,湖北美术学院,湖北,,普通本科,,公办
8841,湖北职业技术学院,湖北,,普通本科,,公办
1041,湖北警官学院,湖北,,普通本科,,公办
8203,湖北财税职业学院,湖北,,普通本科,,公办
8208,湖北轻工职业技术学院,湖北,,普通本科,,公办
8213,湖北铁道运输职业学院,湖北,,普通本科,,公办
1036,湖北黄冈应急管理职业技术学院,湖北,,普通本科,,公办
1121,湖南三一工业职业技术学院,湖南,,民办/独立学院,,民办
4306,湖南中医药大学,湖南,,普通本科,,公办
4387,湖南中医药大学湘杏学院,湖南,,民办/独立学院,,民办
4354,湖南中医药高等专科学校,湖南,,普通本科,,公办
1105,湖南九嶷职业技术学院,湖南,,普通本科,,公办
1101,湖南交通工程学院,湖南,,民办/独立学院,,民办
4373,湖南交通职业技术学院,湖南,,普通本科,,公办
4685,湖南人文科技学院,湖南,,普通本科,,公办
8238,湖南体育职业学院,湖南,,普通本科,,公办
1141,湖南信息学院,湖南,,民办/独立学院,,民办
4332,湖南信息职业技术学院,湖南,,普通本科,,公办
4304,湖南农业大学,湖南,,普通本科,,公办
1116,湖南农业大学东方科技学院,湖南,,民办/独立学院,,民办
1110,湖南劳动人事职业学院,湖南,,普通本科,,公办
8230,湖南化工职业技术学院,湖南,,普通本科,,公办
4328,湖南医药学院,湖南,,普通本科,,公办
4389,湖南司法警官职业学院,湖南,,普通本科,,公办
1100,湖南吉利汽车职业技术学院,湖南,,民办/独立学院,,民办
4338,湖南商务职业技术学院,湖南,,普通本科,,公办
1095,湖南国防工业职业技术学院,湖南,,普通本科,,公办
4318,湖南城市学院,湖南,,普通本科,,公办
4378,湖南城建职业技术学院,湖南,,普通本科,,公办
4393,湖南外国语职业学院,湖南,,民办/独立学院,,民办
4372,湖南大众传媒职业技术学院,湖南,,普通本科,,公办
4303,湖南大学,湖南,,985,,公办
1697,湖南女子学院,湖南,,普通本科,,公办
4397,湖南安全技术职业学院,湖南,,普通本科,,公办
4735,湖南工业大学,湖南,,普通本科,,公办
4331,湖南工业职业技术学院,湖南,,普通本科,,公办
4312,湖南工商大学,湖南,,普通本科,,公办
1089,湖南工商职业学院,湖南,,民办/独立学院,,民办
4326,湖南工学院,湖南,,普通本科,,公办
4316,湖南工程学院,湖南,,普通本科,,公办
4353,湖南工程学院应用技术学院,湖南,,民办/独立学院,,民办
4342,湖南工程职业技术学院,湖南,,普通本科,,公办
4367,湖南师范大学,湖南,,211,,公办
1149,湖南幼儿师范高等专科学校,湖南,,普通本科,,公办
4356,湖南应用技术学院,湖南,,民办/独立学院,,民办
4310,湖南文理学院,湖南,,普通本科,,公办
8243,湖南有色金属职业技术学院,湖南,,普通本科,,公办
4344,湖南机电职业技术学院,湖南,,普通本科,,公办
4351,湖南民族职业学院,湖南,,普通本科,,公办
1129,湖南水利水电职业技术学院,湖南,,普通本科,,公办
8897,湖南汽车工程职业大学,湖南,,普通本科,,公办
4334,湖南涉外经济学院,湖南,,民办/独立学院,,民办
4377,湖南环境生物职业技术学院,湖南,,普通本科,,公办
1140,湖南现代物流职业技术学院,湖南,,普通本科,,公办
4307,湖南理工学院,湖南,,普通本科,,公办
1113,湖南理工职业技术学院,湖南,,普通本科,,公办
1124,湖南生物机电职业技术学院,湖南,,普通本科,,公办
2284,湖南电子科技职业学院,湖南,,普通本科,,民办
8222,湖南电气职业技术学院,湖南,,普通本科,,公办
4360,湖南石油化工职业技术学院,湖南,,普通本科,,公办
4321,湖南科技大学,湖南,,普通本科,,公办
4376,湖南科技大学潇湘学院,湖南,,民办/独立学院,,民办
5650,湖南科技学院,湖南,,普通本科,,公办
4363,湖南科技职业学院,湖南,,普通本科,,公办
4398,湖南第一师范学院,湖南,,普通本科,,公办
1137,湖南网络工程职业学院,湖南,,普通本科,,公办
4327,湖南财政经济学院,湖南,,普通本科,,公办
8219,湖南财经工业职业技术学院,湖南,,普通本科,,公办
1120,湖南软件职业技术大学,湖南,,民办/独立学院,,民办
8242,湖南邮电职业技术学院,湖南,,普通本科,,公办
8223,湖南都市职业学院,湖南,,民办/独立学院,,民办
4335,湖南铁道职业技术学院,湖南,,普通本科,,公办
1128,湖南食品药品职业学院,湖南,,普通本科,,公办
8224,湖南高尔夫旅游职业学院,湖南,,民办/独立学院,,民办
4374,湖南高速铁路职业技术学院,湖南,,普通本科,,公办
90,湖州健康职业学院,浙江,,民办/独立学院,,民办
6963,湖州学院,浙江,,普通本科,,公办
4040,湖州师范学院,浙江,,普通本科,,公办
786,湖州职业技术学院,浙江,,普通本科,,公办
2568,湘中幼儿师范高等专科学校,湖南,,普通本科,,公办
4715,湘南学院,湖南,,普通本科,,公办
2561,湘南幼儿师范高等专科学校,湖南,,普通本科,,公办
4337,湘潭医卫职业技术学院,湖南,,普通本科,,公办
1930,湘潭大学,湖南,,普通本科,,公办
2565,湘潭理工学院,湖南,,普通本科,,民办
4380,湘西民族职业技术学院,湖南,,普通本科,,公办
4499,湛江幼儿师范专科学校,广东,,普通本科,,公办
4479,湛江科技学院,广东,,民办/独立学院,,民办
268,滁州城市职业学院,,,普通本科,,
269,滁州学院,安徽,,普通本科,,公办
270,滁州职业技术学院,安徽,,普通本科,,公办
6906,滇池学院,云南,,民办/独立学院,,民办
5372,滇西应用技术大学,云南,,普通本科,,公办
5349,滇西科技师范学院,云南,,普通本科,,公办
1545,满洲里俄语职业学院,内蒙古,,普通本科,,公办
4460,滨州医学院,山东,,普通本科,,公办
2102,滨州科技职业学院,山东,,普通本科,,民办
8765,滨州职业学院,山东,,普通本科,,公办
4161,漯河医学高等专科学校,河南,,普通本科,,公办
4150,漯河职业技术学院,河南,,普通本科,,公办
2352,漯河食品工程职业大学,河南,,普通本科,,民办
7065,漳州卫生职业学院,福建,,普通本科,,公办
7059,漳州城市职业学院,福建,,普通本科,,公办
7062,漳州理工职业学院,福建,,民办/独立学院,,民办
3572,漳州科技职业学院,福建,,民办/独立学院,,民办
9371,漳州职业技术学院,福建,,普通本科,,公办
2572,潇湘职业学院,湖南,,民办/独立学院,,民办
3717,潍坊学院,山东,,普通本科,,公办
2350,潍坊工商职业学院,山东,,民办/独立学院,,民办
2572,潍坊工程职业学院,山东,,普通本科,,公办
2351,潍坊护理职业学院,山东,,普通本科,,公办
2352,潍坊环境工程职业学院,山东,,民办/独立学院,,民办
2513,潍坊理工学院,山东,,普通本科,,民办
3786,潍坊科技学院,山东,,民办/独立学院,,民办
2357,潍坊职业学院,山东,,普通本科,,公办
2514,潍坊食品科技职业学院,山东,,普通本科,,民办
1060,潞安职业技术学院,山西,,普通本科,,公办
1758,濮阳医学高等专科学校,河南,,普通本科,,公办
8337,濮阳石油化工职业技术学院,河南,,普通本科,,公办
1186,濮阳科技职业学院,河南,,普通本科,,公办
6272,濮阳职业技术学院,河南,,普通本科,,公办
1202,火箭军工程大学,陕西,,普通本科,,公办
8495,炎黄职业技术学院,江苏,,民办/独立学院,,民办
2647,烟台南山学院,山东,,民办/独立学院,,民办
,烟台卫生健康职业学院,山东,,普通本科,,公办
7465,烟台城市科技职业学院,山东,,民办/独立学院,,民办
3713,烟台大学,山东,,普通本科,,公办
2788,烟台工程职业技术学院,山东,,普通本科,,公办
,烟台幼儿师范高等专科学校,山东,,普通本科,,公办
1770,烟台文化旅游职业学院,山东,,普通本科,,公办
2648,烟台汽车工程职业学院,山东,,普通本科,,公办
13359,烟台理工学院,山东,,民办/独立学院,,民办
2645,烟台科技学院,山东,,民办/独立学院,,民办
,烟台职业学院,山东,,普通本科,,公办
8496,烟台黄金职业学院,山东,,民办/独立学院,,民办
4133,焦作大学,河南,,普通本科,,公办
4135,焦作师范高等专科学校,河南,,普通本科,,公办
2583,燕京理工学院,河北,,民办/独立学院,,民办
1635,燕山大学,河北,,普通本科,,公办
3755,牡丹江医科大学,黑龙江,,普通本科,,公办
2321,牡丹江大学,黑龙江,,普通本科,,公办
3760,牡丹江师范学院,黑龙江,,普通本科,,公办
4960,玉林师范学院,广西,,普通本科,,公办
5335,玉溪农业职业技术学院,云南,,普通本科,,公办
5270,玉溪师范学院,云南,,普通本科,,公办
2940,珠海城市职业技术学院,广东,,普通本科,,公办
4436,珠海科技学院,广东,,民办/独立学院,,民办
4430,珠海艺术职业学院,广东,,民办/独立学院,,民办
7348,琼台师范学院,海南,,普通本科,,公办
6222,甘肃中医药大学,甘肃,,普通本科,,公办
6231,甘肃交通职业技术学院,甘肃,,普通本科,,公办
6216,甘肃农业大学,甘肃,,普通本科,,公办
375,甘肃农业职业技术学院,,,普通本科,,
6229,甘肃医学院,甘肃,,普通本科,,公办
534,甘肃卫生职业学院,甘肃,,普通本科,,公办
524,甘肃工业职业技术大学,甘肃,,普通本科,,公办
6228,甘肃建筑职业技术学院,甘肃,,普通本科,,公办
5455,甘肃政法大学,甘肃,,普通本科,,公办
6240,甘肃有色冶金职业技术学院,甘肃,,普通本科,,公办
6223,甘肃林业职业技术大学,甘肃,,普通本科,,公办
6233,甘肃民族师范学院,甘肃,,普通本科,,公办
6238,甘肃畜牧工程职业技术学院,甘肃,,普通本科,,公办
367,甘肃财贸职业学院,甘肃,,普通本科,,公办
368,甘肃钢铁职业技术学院,,,普通本科,,
5104,电子科技大学,四川,,985,,公办
443,电子科技大学中山学院,广东,,民办/独立学院,,民办
5136,电子科技大学成都学院,四川,,民办/独立学院,,民办
54,白城医学高等专科学校,吉林,,普通本科,,公办
2212,白城师范学院,吉林,,普通本科,,公办
2267,白城职业技术学院,吉林,,普通本科,,公办
2083,白银希望职业技术学院,甘肃,,普通本科,,民办
56,白银矿冶职业技术学院,甘肃,,普通本科,,公办
5680,百色学院,广西,,普通本科,,公办
85,百色职业学院,广西,,普通本科,,公办
2342,皖北卫生职业学院,安徽,,普通本科,,公办
4140,皖南医学院,安徽,,普通本科,,公办
2343,皖江工学院,安徽,,民办/独立学院,,民办
2345,皖西卫生职业学院,安徽,,普通本科,,公办
4110,皖西学院,安徽,,普通本科,,公办
8502,益阳医学高等专科学校,湖南,,普通本科,,公办
2687,益阳师范高等专科学校,湖南,,普通本科,,公办
8503,益阳职业技术学院,湖南,,普通本科,,公办
1777,盐城工业职业技术学院,江苏,,普通本科,,公办
3264,盐城工学院,江苏,,普通本科,,公办
3221,盐城师范学院,江苏,,普通本科,,公办
8494,盐城幼儿师范高等专科学校,江苏,,普通本科,,公办
8231,盘锦职业技术学院,辽宁,,普通本科,,公办
8322,眉山药科职业学院,四川,,民办/独立学院,,民办
1450,石嘴山工贸职业技术学院,,,普通本科,,
1392,石家庄人民医学高等专科学校,河北,,民办/独立学院,,民办
2130,石家庄信息工程职业学院,河北,,普通本科,,公办
2470,石家庄农林职业学院,,,普通本科,,
1387,石家庄医学高等专科学校,河北,,民办/独立学院,,民办
1363,石家庄城市经济职业学院,河北,,民办/独立学院,,民办
1445,石家庄学院,河北,,普通本科,,公办
1349,石家庄工商职业学院,河北,,民办/独立学院,,民办
2463,石家庄工程职业学院,河北,,普通本科,,民办
7403,石家庄幼儿师范高等专科学校,河北,,普通本科,,公办
2469,石家庄理工职业学院,,,普通本科,,
1386,石家庄科技信息职业学院,河北,,民办/独立学院,,民办
2124,石家庄科技职业学院,河北,,民办/独立学院,,民办
2466,石家庄经济职业学院,河北,,普通本科,,民办
1449,石家庄职业技术学院,河北,,普通本科,,公办
2461,石家庄财经职业学院,,,普通本科,,
1384,石家庄邮电职业技术学院,河北,,普通本科,,公办
2465,石家庄金融职业学院,,,普通本科,,
1372,石家庄铁路职业技术学院,河北,,普通本科,,公办
1640,石家庄铁道大学,河北,,普通本科,,公办
6765,石家庄铁道大学四方学院,河北,,民办/独立学院,,民办
2130,石河子大学,新疆,,211,,公办
6551,石河子工程职业技术学院,新疆,,普通本科,,公办
709,硅湖职业技术学院,江苏,,民办/独立学院,,民办
2092,神木职业技术学院,陕西,,普通本科,,公办
3593,福州墨尔本理工职业学院,福建,,普通本科,,中外合作办学
3540,福州外语外贸学院,福建,,民办/独立学院,,民办
3503,福州大学,福建,,211,,公办
6669,福州大学至诚学院,福建,,民办/独立学院,,民办
499,福州工商学院,福建,,民办/独立学院,,民办
3542,福州理工学院,福建,,民办/独立学院,,民办
7020,福州科技职业技术学院,福建,,民办/独立学院,,民办
7025,福州职业技术学院,福建,,普通本科,,公办
7024,福州英华职业学院,福建,,民办/独立学院,,民办
3598,福州软件职业技术学院,福建,,民办/独立学院,,民办
7021,福州黎明职业技术学院,福建,,民办/独立学院,,民办
3543,福建中医药大学,福建,,普通本科,,公办
7011,福建体育职业技术学院,福建,,普通本科,,公办
7016,福建信息职业技术学院,福建,,普通本科,,公办
7006,福建农业职业技术学院,福建,,普通本科,,公办
3529,福建农林大学,福建,,普通本科,,公办
483,福建农林大学金山学院,福建,,民办/独立学院,,民办
3505,福建医科大学,福建,,普通本科,,公办
7004,福建华南女子职业学院,福建,,民办/独立学院,,民办
7012,福建卫生职业技术学院,福建,,普通本科,,公办
1056,福建商学院,福建,,普通本科,,公办
3506,福建师范大学,福建,,普通本科,,公办
3538,福建师范大学协和学院,福建,,民办/独立学院,,民办
7019,福建幼儿师范高等专科学校,福建,,普通本科,,公办
3569,福建技术师范学院,福建,,普通本科,,公办
7005,福建林业职业技术学院,福建,,普通本科,,公办
7009,福建水利电力职业技术学院,福建,,普通本科,,公办
7461,福建江夏学院,福建,,普通本科,,公办
3504,福建理工大学,福建,,普通本科,,公办
9523,福建电力职业技术学院,福建,,普通本科,,公办
3503,福建福耀科技大学,福建,,民办/独立学院,,民办
7001,福建船政交通职业学院,福建,,普通本科,,公办
7017,福建艺术职业学院,福建,,普通本科,,公办
7156,福建警察学院,福建,,普通本科,,公办
1121,私立华联学院,广东,,民办/独立学院,,民办
769,科尔沁艺术职业学院,,,普通本科,,
1206,秦皇岛工业职业技术学院,河北,,普通本科,,公办
1329,秦皇岛职业技术学院,河北,,普通本科,,公办
981,空军军医大学,,,普通本科,,
108,空军工程大学,,,普通本科,,
2265,空军航空大学,吉林,,普通本科,,公办
1409,空军预警学院,湖北,,普通本科,,公办
8202,红河卫生职业学院,云南,,普通本科,,公办
5337,红河学院,云南,,普通本科,,公办
3980,绍兴文理学院,浙江,,普通本科,,公办
2084,绍兴理工学院,浙江,,普通本科,,公办
8400,绍兴职业技术学院,浙江,,民办/独立学院,,民办
3770,绥化学院,黑龙江,,普通本科,,公办
5199,绵阳城市学院,四川,,民办/独立学院,,民办
5120,绵阳师范学院,四川,,普通本科,,公办
5148,绵阳职业技术学院,四川,,普通本科,,公办
8323,绵阳飞行职业学院,四川,,民办/独立学院,,民办
2761,网络空间部队信息工程大学,河南,,普通本科,,公办
1061,罗定职业技术学院,,,普通本科,,
4355,聊城大学,山东,,普通本科,,公办
1515,聊城大学东昌学院,山东,,民办/独立学院,,民办
,聊城科技职业学院,山东,,普通本科,,公办
1517,聊城职业技术学院,山东,,普通本科,,公办
1546,联勤保障部队工程大学,重庆,,普通本科,,公办
7347,肇庆医学院,广东,,普通本科,,公办
4875,肇庆学院,广东,,普通本科,,公办
5172,自贡职业技术学院,四川,,民办/独立学院,,民办
8090,芜湖学院,安徽,,民办/独立学院,,民办
3454,芜湖职业技术大学,安徽,,普通本科,,公办
9378,芜湖航空职业学院,安徽,,民办/独立学院,,民办
3347,苏州信息职业技术学院,江苏,,普通本科,,公办
9753,苏州健雄职业技术学院,江苏,,普通本科,,公办
4878,苏州农业职业技术学院,江苏,,普通本科,,公办
8311,苏州卫生职业技术学院,江苏,,普通本科,,公办
6621,苏州城市学院,江苏,,普通本科,,公办
3202,苏州大学,江苏,,211,,公办
6622,苏州大学应用技术学院,江苏,,民办/独立学院,,民办
8434,苏州工业园区服务外包职业学院,江苏,,普通本科,,公办
3286,苏州工业园区职业技术学院,江苏,,民办/独立学院,,民办
8435,苏州工业职业技术学院,江苏,,普通本科,,公办
3950,苏州工学院,江苏,,普通本科,,公办
1290,苏州幼儿师范高等专科学校,江苏,,普通本科,,公办
3256,苏州百年职业学院,江苏,,普通本科,,中外合作办学
3890,苏州科技大学,江苏,,普通本科,,公办
2219,苏州科技大学天平学院,江苏,,民办/独立学院,,民办
1491,苏州经贸职业技术学院,江苏,,普通本科,,公办
,苏州职业大学,,,普通本科,,
3296,苏州职业技术大学,江苏,,普通本科,,公办
3279,苏州高博职业学院,江苏,,民办/独立学院,,民办
4453,茂名职业技术学院,广东,,普通本科,,公办
7503,茅台学院,贵州,,民办/独立学院,,民办
1380,荆州学院,湖北,,民办/独立学院,,民办
4299,荆州理工职业学院,湖北,,普通本科,,公办
4253,荆州职业技术学院,湖北,,普通本科,,公办
4246,荆楚理工学院,湖北,,普通本科,,公办
8297,荆门职业学院,湖北,,普通本科,,公办
3508,莆田学院,福建,,普通本科,,公办
1428,莱芜职业技术学院,山东,,普通本科,,公办
965,菏泽医学专科学校,山东,,普通本科,,公办
964,菏泽学院,山东,,普通本科,,公办
3798,菏泽家政职业学院,山东,,普通本科,,公办
,菏泽生物医药职业学院,山东,,民办/独立学院,,民办
663,菏泽职业学院,山东,,普通本科,,公办
8336,萍乡卫生职业学院,江西,,普通本科,,公办
3630,萍乡学院,江西,,普通本科,,公办
5857,营口理工学院,辽宁,,普通本科,,公办
2192,营口职业技术学院,辽宁,,普通本科,,公办
9014,蚌埠医科大学,安徽,,普通本科,,公办
9102,蚌埠学院,安徽,,普通本科,,公办
6813,蚌埠工商学院,安徽,,民办/独立学院,,民办
8072,蚌埠经济技术职业学院,安徽,,民办/独立学院,,民办
694,衡水健康科技职业学院,,,普通本科,,
1361,衡水学院,河北,,普通本科,,公办
697,衡水职业技术学院,河北,,普通本科,,公办
4308,衡阳师范学院,湖南,,普通本科,,公办
4357,衡阳师范学院南岳学院,湖南,,民办/独立学院,,民办
2278,衡阳理工职业学院,湖南,,普通本科,,民办
2277,衡阳科技职业学院,湖南,,普通本科,,民办
4035,衢州学院,浙江,,普通本科,,公办
8346,衢州职业技术学院,浙江,,普通本科,,公办
8487,襄阳汽车职业技术学院,湖北,,普通本科,,公办
8724,襄阳科技职业学院,湖北,,普通本科,,公办
8840,襄阳职业技术学院,湖北,,普通本科,,公办
1189,西交利物浦大学,江苏,,普通本科,,中外合作办学
7624,西京学院,陕西,,民办/独立学院,,民办
6123,西北农林科技大学,陕西,,985,,公办
6164,西北大学,陕西,,211,,公办
2062,西北大学现代学院,陕西,,普通本科,,民办
6102,西北工业大学,陕西,,985,,公办
5410,西北师范大学,甘肃,,普通本科,,公办
2115,西北政法大学,陕西,,普通本科,,公办
6207,西北民族大学,甘肃,,普通本科,,公办
5110,西华大学,四川,,普通本科,,公办
5135,西华师范大学,四川,,普通本科,,公办
5102,西南交通大学,四川,,211,,公办
5148,西南交通大学希望学院,四川,,民办/独立学院,,民办
5115,西南医科大学,四川,,普通本科,,公办
5006,西南大学,重庆,,211,,公办
5012,西南政法大学,重庆,,普通本科,,公办
5250,西南林业大学,云南,,普通本科,,公办
3020,西南民族大学,四川,,普通本科,,公办
2515,西南石油大学,四川,,普通本科,,公办
5107,西南科技大学,四川,,普通本科,,公办
5122,西南财经大学,四川,,211,,公办
6677,西南财经大学天府学院,四川,,民办/独立学院,,民办
5338,西双版纳职业技术学院,云南,,普通本科,,公办
1185,西安交通大学,陕西,,985,,公办
2466,西安交通大学城市学院,陕西,,民办/独立学院,,民办
9710,西安交通工程学院,陕西,,民办/独立学院,,民办
1654,西安体育学院,陕西,,普通本科,,公办
6182,西安信息职业大学,陕西,,民办/独立学院,,民办
6156,西安医学院,陕西,,普通本科,,公办
6183,西安医学高等专科学校,陕西,,民办/独立学院,,民办
9251,西安城市建设职业学院,陕西,,民办/独立学院,,民办
6119,西安培华学院,陕西,,民办/独立学院,,民办
6135,西安外事学院,陕西,,民办/独立学院,,民办
6114,西安外国语大学,陕西,,普通本科,,公办
6105,西安工业大学,陕西,,普通本科,,公办
6158,西安工商学院,陕西,,民办/独立学院,,民办
6110,西安工程大学,陕西,,普通本科,,公办
6106,西安建筑科技大学,陕西,,普通本科,,公办
6990,西安建筑科技大学华清学院,陕西,,民办/独立学院,,民办
6142,西安思源学院,陕西,,民办/独立学院,,民办
5395,西安文理学院,陕西,,普通本科,,公办
6665,西安明德理工学院,陕西,,民办/独立学院,,民办
6133,西安欧亚学院,陕西,,民办/独立学院,,民办
6151,西安汽车职业大学,陕西,,民办/独立学院,,民办
6150,西安海棠职业学院,陕西,,民办/独立学院,,民办
6103,西安理工大学,陕西,,普通本科,,公办
742,西安理工大学高科学院,陕西,,普通本科,,民办
2448,西安电力高等专科学校,陕西,,普通本科,,公办
6104,西安电子科技大学,陕西,,211,,公办
6108,西安石油大学,陕西,,普通本科,,公办
6107,西安科技大学,陕西,,普通本科,,公办
6180,西安科技大学高新学院,陕西,,民办/独立学院,,民办
2666,西安美术学院,陕西,,普通本科,,公办
6134,西安翻译学院,陕西,,民办/独立学院,,民办
6171,西安职业技术学院,陕西,,普通本科,,公办
7292,西安航空学院,陕西,,普通本科,,公办
6140,西安航空职业技术学院,陕西,,普通本科,,公办
6126,西安财经大学,陕西,,普通本科,,公办
2446,西安财经大学行知学院,陕西,,民办/独立学院,,民办
6120,西安邮电大学,陕西,,普通本科,,公办
6167,西安铁路职业技术学院,陕西,,普通本科,,公办
3456,西安音乐学院,陕西,,普通本科,,公办
2454,西安高新科技职业学院,陕西,,民办/独立学院,,民办
5129,西昌学院,四川,,普通本科,,公办
2505,西昌民族幼儿师范高等专科学校,四川,,普通本科,,公办
69,西湖大学,浙江,,民办/独立学院,,民办
5407,西藏农牧大学,西藏,,普通本科,,公办
1674,西藏农牧学院,,,普通本科,,
5401,西藏大学,西藏,,211,,公办
5402,西藏民族大学,陕西,,普通本科,,公办
8826,西藏职业技术学院,西藏,,普通本科,,公办
5403,西藏藏医药大学,西藏,,普通本科,,公办
6040,许昌学院,河南,,普通本科,,公办
6276,许昌职业技术学院,河南,,普通本科,,公办
6505,豫北医学院,河南,,民办/独立学院,,民办
3674,豫章师范学院,江西,,普通本科,,公办
5204,贵州中医药大学,贵州,,普通本科,,公办
5210,贵州中医药大学时珍学院,贵州,,民办/独立学院,,民办
5219,贵州交通职业大学,贵州,,普通本科,,公办
5283,贵州传媒职业学院,贵州,,普通本科,,公办
5269,贵州健康职业学院,贵州,,普通本科,,公办
5261,贵州农业职业学院,贵州,,普通本科,,公办
5202,贵州医科大学,贵州,,普通本科,,公办
5229,贵州医科大学神奇民族医药学院,贵州,,民办/独立学院,,民办
5239,贵州商学院,贵州,,普通本科,,公办
5243,贵州城市职业学院,贵州,,民办/独立学院,,民办
2305,贵州大学,贵州,,211,,公办
5224,贵州工业职业技术学院,贵州,,普通本科,,公办
5248,贵州工商职业学院,贵州,,民办/独立学院,,民办
5238,贵州工程应用技术学院,贵州,,普通本科,,公办
5262,贵州工程职业学院,贵州,,民办/独立学院,,民办
5267,贵州工贸职业学院,贵州,,民办/独立学院,,民办
5205,贵州师范大学,贵州,,普通本科,,公办
5244,贵州师范学院,贵州,,普通本科,,公办
8173,贵州应用技术职业学院,贵州,,民办/独立学院,,民办
735,贵州建设职业技术学院,贵州,,普通本科,,公办
5279,贵州护理职业技术学院,贵州,,普通本科,,公办
756,贵州文化旅游职业学院,贵州,,普通本科,,公办
5251,贵州机电职业技术学院,贵州,,普通本科,,公办
5209,贵州民族大学,贵州,,普通本科,,公办
5281,贵州民用航空职业学院,贵州,,民办/独立学院,,民办
8171,贵州水利水电职业技术学院,贵州,,普通本科,,公办
5220,贵州理工学院,贵州,,普通本科,,公办
5286,贵州生态能源职业学院,贵州,,普通本科,,公办
5228,贵州电子信息职业技术学院,贵州,,普通本科,,公办
724,贵州电子商务职业技术学院,贵州,,普通本科,,公办
723,贵州电子科技职业学院,贵州,,普通本科,,公办
5273,贵州盛华职业学院,贵州,,民办/独立学院,,民办
5247,贵州经贸职业技术学院,贵州,,普通本科,,公办
5272,贵州职业技术学院,贵州,,普通本科,,公办
5218,贵州航天职业技术学院,贵州,,普通本科,,公办
5252,贵州航空职业技术学院,贵州,,普通本科,,公办
763,贵州装备制造职业学院,贵州,,普通本科,,公办
5220,贵州警察学院,贵州,,普通本科,,公办
5205,贵州财经大学,贵州,,普通本科,,公办
5280,贵州财经职业学院,贵州,,普通本科,,公办
5235,贵州轻工职业大学,贵州,,普通本科,,公办
5282,贵州铜仁数据职业学院,贵州,,民办/独立学院,,民办
752,贵州食品工程职业学院,贵州,,普通本科,,公办
6900,贵州黔南科技学院,贵州,,民办/独立学院,,民办
5211,贵州黔南经济学院,贵州,,民办/独立学院,,民办
712,贵阳人文科技学院,贵州,,民办/独立学院,,民办
5231,贵阳信息科技学院,贵州,,民办/独立学院,,民办
5215,贵阳学院,贵州,,普通本科,,公办
5256,贵阳幼儿师范高等专科学校,贵州,,普通本科,,公办
5253,贵阳康养职业大学,贵州,,普通本科,,公办
5242,贵阳职业技术学院,贵州,,普通本科,,公办
5535,贺州学院,广西,,普通本科,,公办
8532,资阳口腔职业学院,四川,,民办/独立学院,,民办
8531,资阳环境科技职业学院,四川,,民办/独立学院,,民办
3624,赣东学院,江西,,普通本科,,公办
3815,赣东职业技术学院,江西,,民办/独立学院,,民办
3608,赣南医科大学,江西,,普通本科,,公办
1319,赣南卫生健康职业学院,江西,,普通本科,,公办
4305,赣南师范大学,江西,,普通本科,,公办
1986,赣南师范大学科技学院,江西,,普通本科,,民办
6695,赣南科技学院,江西,,普通本科,,公办
8129,赣州职业技术学院,江西,,普通本科,,公办
3666,赣西科技职业学院,江西,,民办/独立学院,,民办
312,赤峰学院,内蒙古,,普通本科,,公办
1522,赤峰工业职业技术学院,内蒙古,,普通本科,,公办
233,赤峰应用技术职业学院,内蒙古,,普通本科,,公办
3615,辽东学院,辽宁,,普通本科,,公办
3575,辽宁中医药大学,辽宁,,普通本科,,公办
1510,辽宁中医药大学杏林学院,辽宁,,民办/独立学院,,民办
2162,辽宁传媒学院,辽宁,,民办/独立学院,,民办
2196,辽宁何氏医学院,辽宁,,民办/独立学院,,民办
2146,辽宁农业职业技术学院,辽宁,,普通本科,,公办
1505,辽宁冶金职业技术学院,辽宁,,普通本科,,公办
1506,辽宁医药职业学院,辽宁,,普通本科,,公办
1470,辽宁地质工程职业学院,辽宁,,普通本科,,公办
2153,辽宁大学,辽宁,,211,,公办
2147,辽宁对外经贸学院,辽宁,,民办/独立学院,,民办
3540,辽宁工业大学,辽宁,,普通本科,,公办
2107,辽宁工程技术大学,辽宁,,普通本科,,公办
1473,辽宁工程职业学院,辽宁,,普通本科,,公办
3520,辽宁师范大学,辽宁,,普通本科,,公办
1496,辽宁师范大学海华学院,辽宁,,民办/独立学院,,民办
1034,辽宁师范高等专科学校,辽宁,,普通本科,,公办
2142,辽宁广告职业学院,辽宁,,民办/独立学院,,民办
1480,辽宁建筑职业学院,辽宁,,普通本科,,公办
2140,辽宁机电职业技术学院,辽宁,,普通本科,,公办
7077,辽宁民族师范高等专科学校,辽宁,,普通本科,,公办
1501,辽宁特殊教育师范高等专科学校,辽宁,,普通本科,,公办
1504,辽宁现代服务职业技术学院,辽宁,,普通本科,,公办
2150,辽宁理工学院,辽宁,,民办/独立学院,,民办
1488,辽宁理工职业大学,辽宁,,民办/独立学院,,民办
1974,辽宁生态工程职业学院,辽宁,,普通本科,,公办
2135,辽宁省交通高等专科学校,辽宁,,普通本科,,公办
2167,辽宁石化职业技术学院,辽宁,,普通本科,,公办
2790,辽宁石油化工大学,辽宁,,普通本科,,公办
2106,辽宁科技大学,辽宁,,普通本科,,公办
3515,辽宁科技学院,辽宁,,普通本科,,公办
1482,辽宁经济职业技术学院,辽宁,,普通本科,,公办
2156,辽宁职业学院,辽宁,,普通本科,,公办
9469,辽宁装备制造职业技术学院,辽宁,,普通本科,,公办
,辽宁警察学院,辽宁,,普通本科,,公办
1466,辽宁财贸学院,辽宁,,民办/独立学院,,民办
8238,辽宁轨道交通职业学院,辽宁,,普通本科,,公办
1491,辽宁轻工职业学院,辽宁,,普通本科,,公办
1481,辽宁金融职业学院,辽宁,,普通本科,,公办
9466,辽宁铁道职业技术学院,辽宁,,普通本科,,公办
4077,辽河石油职业技术学院,辽宁,,普通本科,,公办
2229,辽源职业技术学院,吉林,,普通本科,,公办
1512,辽阳职业技术学院,辽宁,,普通本科,,公办
,达州中医药职业学院,四川,,普通本科,,公办
5144,达州职业技术学院,四川,,普通本科,,公办
3380,运城学院,山西,,普通本科,,公办
1822,运城师范高等专科学校,,,普通本科,,
1455,运城幼儿师范高等专科学校,山西,,普通本科,,公办
1454,运城护理职业学院,山西,,普通本科,,公办
8438,运城职业技术大学,山西,,民办/独立学院,,民办
7125,连云港师范学院,江苏,,普通本科,,公办
8507,连云港职业技术学院,江苏,,普通本科,,公办
2327,通化医药健康职业学院,吉林,,普通本科,,公办
2209,通化师范学院,吉林,,普通本科,,公办
2328,通辽职业学院,内蒙古,,普通本科,,公办
2234,遂宁工程职业学院,四川,,民办/独立学院,,民办
8439,遂宁职业学院,四川,,民办/独立学院,,民办
5190,遵义医科大学,贵州,,普通本科,,公办
5213,遵义医科大学医学与科技学院,贵州,,民办/独立学院,,民办
5245,遵义医药高等专科学校,贵州,,普通本科,,公办
5206,遵义师范学院,贵州,,普通本科,,公办
5223,遵义职业技术学院,贵州,,普通本科,,公办
1352,邢台医学院,河北,,普通本科,,公办
1307,邢台学院,河北,,普通本科,,公办
2576,邢台应用技术职业学院,河北,,普通本科,,民办
2575,邢台新能源职业学院,河北,,普通本科,,民办
1306,邯郸学院,河北,,普通本科,,公办
830,邯郸幼儿师范高等专科学校,河北,,普通本科,,公办
2258,邯郸应用技术职业学院,河北,,普通本科,,民办
514,邯郸科技职业学院,河北,,普通本科,,公办
1323,邯郸职业技术学院,河北,,普通本科,,公办
4317,邵阳学院,湖南,,普通本科,,公办
2080,邵阳工业职业技术学院,湖南,,普通本科,,公办
2082,邵阳职业技术学院,湖南,,普通本科,,公办
2625,郑州信息工程职业学院,河南,,普通本科,,民办
4186,郑州健康学院,河南,,民办/独立学院,,民办
2880,郑州医药健康职业学院,河南,,民办/独立学院,,民办
6195,郑州升达经贸管理学院,河南,,民办/独立学院,,民办
6538,郑州卫生健康职业学院,河南,,普通本科,,公办
4174,郑州商学院,河南,,民办/独立学院,,民办
2620,郑州商贸旅游职业学院,河南,,普通本科,,民办
2614,郑州城市职业学院,河南,,普通本科,,民办
6000,郑州大学,河南,,211,,公办
,郑州工业安全职业学院,河南,,普通本科,,公办
4152,郑州工业应用技术学院,河南,,民办/独立学院,,民办
4119,郑州工商学院,河南,,民办/独立学院,,民办
6250,郑州工程技术学院,河南,,普通本科,,公办
4159,郑州师范学院,河南,,普通本科,,公办
6231,郑州幼儿师范高等专科学校,河南,,普通本科,,公办
6284,郑州旅游职业学院,河南,,普通本科,,公办
6375,郑州智能科技职业学院,河南,,民办/独立学院,,民办
780,郑州电力职业技术学院,河南,,普通本科,,民办
2925,郑州电力高等专科学校,河南,,普通本科,,公办
2860,郑州科技学院,河南,,民办/独立学院,,民办
6504,郑州经贸学院,河南,,民办/独立学院,,民办
,郑州美术学院,河南,,民办/独立学院,,民办
2882,郑州职业技术学院,河南,,普通本科,,公办
4114,郑州航空工业管理学院,河南,,普通本科,,公办
2624,郑州西亚斯学院,河南,,民办/独立学院,,民办
2859,郑州警察学院,河南,,普通本科,,公办
6379,郑州财税金融职业学院,河南,,普通本科,,公办
4143,郑州财经学院,河南,,民办/独立学院,,民办
4104,郑州轻工业大学,河南,,普通本科,,公办
4243,郑州铁路职业技术学院,河南,,普通本科,,公办
2623,郑州食品工程职业学院,河南,,普通本科,,民办
282,郴州思科职业学院,湖南,,民办/独立学院,,民办
8092,郴州智能科技职业学院,湖南,,民办/独立学院,,民办
4339,郴州职业技术学院,湖南,,普通本科,,公办
465,鄂尔多斯应用技术学院,内蒙古,,普通本科,,公办
335,鄂尔多斯生态环境职业学院,,,普通本科,,
337,鄂尔多斯职业学院,内蒙古,,普通本科,,公办
4239,鄂州职业大学,湖北,,普通本科,,公办
6225,酒泉职业技术大学,甘肃,,普通本科,,公办
7242,重庆三峡医药高等专科学校,重庆,,普通本科,,公办
5009,重庆三峡学院,重庆,,普通本科,,公办
5042,重庆三峡职业学院,重庆,,普通本科,,公办
5070,重庆中医药学院,重庆,,普通本科,,公办
5077,重庆五一职业技术学院,重庆,,普通本科,,公办
5003,重庆交通大学,重庆,,普通本科,,公办
5069,重庆交通职业学院,重庆,,民办/独立学院,,民办
6604,重庆人文科技学院,重庆,,民办/独立学院,,民办
5039,重庆传媒职业学院,重庆,,民办/独立学院,,民办
5037,重庆信息技术职业学院,重庆,,民办/独立学院,,民办
5089,重庆健康职业学院,重庆,,民办/独立学院,,民办
5079,重庆公共运输职业学院,重庆,,民办/独立学院,,民办
,重庆农业职业学院,重庆,,普通本科,,公办
8680,重庆化工职业学院,重庆,,普通本科,,公办
2025,重庆医科大学,重庆,,普通本科,,公办
,重庆医科大学莱斯特大学联合学院,重庆,,普通本科,,中外合作办学
5060,重庆医药高等专科学校,重庆,,普通本科,,公办
5067,重庆商务职业学院,重庆,,普通本科,,公办
5057,重庆城市科技学院,重庆,,民办/独立学院,,民办
5054,重庆城市管理职业学院,重庆,,普通本科,,公办
5054,重庆城市职业学院,重庆,,普通本科,,公办
5042,重庆外语外事学院,重庆,,民办/独立学院,,民办
5001,重庆大学,重庆,,985,,公办
5082,重庆安全技术职业学院,重庆,,普通本科,,公办
5073,重庆安防职业学院,重庆,,民办/独立学院,,民办
5021,重庆对外经贸学院,重庆,,民办/独立学院,,民办
9093,重庆工业职业技术大学,重庆,,普通本科,,公办
7432,重庆工信职业学院,重庆,,普通本科,,公办
2890,重庆工商大学,重庆,,普通本科,,公办
5023,重庆工商大学派斯学院,重庆,,民办/独立学院,,民办
5040,重庆工商职业学院,重庆,,普通本科,,公办
9679,重庆工程学院,重庆,,民办/独立学院,,民办
9094,重庆工程职业技术学院,重庆,,普通本科,,公办
5043,重庆工贸职业技术学院,重庆,,普通本科,,公办
5055,重庆师范大学,重庆,,普通本科,,公办
9877,重庆幼儿师范高等专科学校,重庆,,普通本科,,公办
5056,重庆应用技术职业学院,重庆,,民办/独立学院,,民办
5065,重庆建筑工程职业学院,重庆,,普通本科,,公办
5041,重庆建筑科技职业学院,重庆,,民办/独立学院,,民办
1180,重庆护理职业学院,重庆,,民办/独立学院,,民办
5091,重庆数字产业职业技术学院,重庆,,民办/独立学院,,民办
5084,重庆文化艺术职业学院,重庆,,普通本科,,公办
5008,重庆文理学院,重庆,,普通本科,,公办
5071,重庆旅游职业学院,重庆,,普通本科,,公办
5088,重庆智能工程职业学院,重庆,,民办/独立学院,,民办
5050,重庆机电职业技术大学,重庆,,民办/独立学院,,民办
5047,重庆水利电力职业技术学院,重庆,,普通本科,,公办
5038,重庆海联职业技术学院,重庆,,民办/独立学院,,民办
5072,重庆现代制造职业学院,重庆,,民办/独立学院,,民办
5035,重庆理工大学,重庆,,普通本科,,公办
5086,重庆理工职业学院,重庆,,民办/独立学院,,民办
5078,重庆电信职业学院,重庆,,民办/独立学院,,民办
5050,重庆电力高等专科学校,重庆,,普通本科,,公办
5031,重庆电子科技职业大学,重庆,,普通本科,,公办
5058,重庆电讯职业学院,重庆,,民办/独立学院,,民办
5064,重庆科创职业学院,重庆,,民办/独立学院,,民办
5655,重庆科技大学,重庆,,普通本科,,公办
5085,重庆科技职业学院,重庆,,民办/独立学院,,民办
6889,重庆移通学院,重庆,,民办/独立学院,,民办
,重庆移通学院德国工程学院,重庆,,普通本科,,中外合作办学
5040,重庆第二师范学院,重庆,,普通本科,,公办
5083,重庆经贸职业学院,重庆,,民办/独立学院,,民办
5066,重庆能源职业学院,重庆,,民办/独立学院,,民办
5031,重庆航天职业技术学院,重庆,,普通本科,,公办
5080,重庆艺术工程职业学院,重庆,,民办/独立学院,,民办
6713,重庆财经学院,重庆,,民办/独立学院,,民办
8326,重庆财经职业学院,重庆,,普通本科,,公办
5099,重庆资源与环境保护职业学院,重庆,,民办/独立学院,,民办
5081,重庆轻工职业学院,重庆,,民办/独立学院,,民办
5002,重庆邮电大学,重庆,,普通本科,,公办
5062,重庆青年职业技术学院,重庆,,普通本科,,公办
8295,金华职业技术大学,浙江,,普通本科,,公办
1368,金山职业技术学院,江苏,,民办/独立学院,,民办
2323,金肯职业技术学院,江苏,,普通本科,,民办
5635,金陵科技学院,江苏,,普通本科,,公办
3317,钟山职业技术学院,江苏,,民办/独立学院,,民办
4576,钦州幼儿师范高等专科学校,广西,,普通本科,,公办
2324,铁岭卫生职业学院,辽宁,,普通本科,,公办
2134,铁岭师范高等专科学校,辽宁,,普通本科,,公办
6550,铁门关职业技术学院,新疆,,普通本科,,公办
5695,铜仁学院,贵州,,普通本科,,公办
5258,铜仁幼儿师范高等专科学校,贵州,,普通本科,,公办
5225,铜仁职业技术大学,贵州,,普通本科,,公办
6190,铜川职业技术学院,陕西,,普通本科,,公办
4175,铜陵学院,安徽,,普通本科,,公办
1578,铜陵职业技术学院,安徽,,普通本科,,公办
6412,银川科技学院,宁夏,,民办/独立学院,,民办
2588,银川能源学院,宁夏,,普通本科,,民办
1698,锡林郭勒职业学院,内蒙古,,普通本科,,公办
2117,锦州医科大学,辽宁,,普通本科,,公办
2161,锦州医科大学医疗学院,辽宁,,民办/独立学院,,民办
2145,锦州师范高等专科学校,辽宁,,普通本科,,公办
7122,镇江市高等专科学校,江苏,,普通本科,,公办
2126,长垣烹饪职业技术学院,河南,,普通本科,,民办
6124,长安大学,陕西,,211,,公办
2109,长春东方职业学院,吉林,,普通本科,,民办
3665,长春中医药大学,吉林,,普通本科,,公办
6796,长春人文学院,吉林,,民办/独立学院,,民办
2117,长春信息技术职业学院,吉林,,普通本科,,民办
2268,长春健康职业学院,吉林,,民办/独立学院,,民办
6791,长春光华学院,吉林,,民办/独立学院,,民办
2253,长春医学高等专科学校,吉林,,普通本科,,公办
3625,长春大学,吉林,,普通本科,,公办
6792,长春大学旅游学院,吉林,,民办/独立学院,,民办
3630,长春工业大学,吉林,,普通本科,,公办
2235,长春工业大学人文信息学院,吉林,,民办/独立学院,,民办
3645,长春工程学院,吉林,,普通本科,,公办
3675,长春师范大学,吉林,,普通本科,,公办
230,长春师范高等专科学校,吉林,,普通本科,,公办
6798,长春建筑学院,吉林,,民办/独立学院,,民办
2116,长春数字科技职业学院,吉林,,普通本科,,民办
8084,长春早期教育职业学院,吉林,,民办/独立学院,,民办
7091,长春汽车职业技术大学,吉林,,普通本科,,公办
1745,长春理工大学,吉林,,普通本科,,公办
2241,长春电子科技学院,吉林,,民办/独立学院,,民办
6799,长春科技学院,吉林,,民办/独立学院,,民办
8302,长春职业技术大学,吉林,,普通本科,,公办
2219,长春财经学院,吉林,,民办/独立学院,,民办
7096,长春金融高等专科学校,吉林,,普通本科,,公办
4229,长江大学,湖北,,普通本科,,公办
238,长江大学文理学院,湖北,,民办/独立学院,,民办
4265,长江工程职业技术学院,湖北,,普通本科,,公办
5010,长江师范学院,重庆,,普通本科,,公办
242,长江职业学院,湖北,,普通本科,,公办
8086,长江艺术工程职业学院,湖北,,民办/独立学院,,民办
4368,长沙医学院,湖南,,民办/独立学院,,民办
2125,长沙医药健康职业学院,湖南,,普通本科,,民办
251,长沙南方职业学院,湖南,,民办/独立学院,,民办
8090,长沙卫生职业学院,湖南,,普通本科,,公办
4390,长沙商贸旅游职业技术学院,湖南,,普通本科,,公办
4790,长沙学院,湖南,,普通本科,,公办
1126,长沙工业学院,湖南,,普通本科,,公办
4392,长沙师范学院,湖南,,普通本科,,公办
2123,长沙文创艺术职业学院,湖南,,普通本科,,民办
4330,长沙民政职业技术学院,湖南,,普通本科,,公办
4343,长沙环境保护职业技术学院,湖南,,普通本科,,公办
2300,长沙理工大学,湖南,,普通本科,,公办
243,长沙电力职业技术学院,湖南,,普通本科,,公办
2121,长沙科技职业学院,湖南,,普通本科,,民办
261,长沙职业技术学院,湖南,,普通本科,,公办
4329,长沙航空职业技术学院,湖南,,普通本科,,公办
2120,长沙轨道交通职业学院,湖南,,普通本科,,民办
3395,长治医学院,山西,,普通本科,,公办
3435,长治学院,山西,,普通本科,,公办
205,长治职业技术学院,,,普通本科,,
212,长白山职业技术学院,吉林,,普通本科,,公办
7028,闽北职业技术学院,福建,,普通本科,,公办
3576,闽南师范大学,福建,,普通本科,,公办
1127,闽南理工学院,福建,,民办/独立学院,,民办
1589,闽南科技学院,福建,,民办/独立学院,,民办
3584,闽江学院,福建,,普通本科,,公办
7030,闽江师范高等专科学校,福建,,普通本科,,公办
9766,闽西职业技术学院,福建,,普通本科,,公办
512,阜新高等专科学校,辽宁,,普通本科,,公办
3453,阜阳师范大学,安徽,,普通本科,,公办
3444,阜阳理工学院,安徽,,民办/独立学院,,民办
513,阜阳科技职业学院,安徽,,民办/独立学院,,民办
517,阜阳职业技术学院,安徽,,普通本科,,公办
5490,防灾科技学院,河北,,普通本科,,公办
2671,阳光学院,福建,,民办/独立学院,,民办
2672,阳江职业技术学院,广东,,普通本科,,公办
1476,阳泉师范高等专科学校,山西,,普通本科,,公办
2674,阳泉职业技术学院,山西,,普通本科,,公办
6558,阿克苏工业职业技术学院,新疆,,普通本科,,公办
6545,阿克苏职业技术学院,新疆,,普通本科,,公办
6555,阿勒泰职业技术学院,新疆,,普通本科,,公办
5179,阿坝师范学院,四川,,普通本科,,公办
2,阿坝职业学院,四川,,普通本科,,公办
3,阿拉善职业技术学院,内蒙古,,普通本科,,公办
1551,陆军兵种大学,安徽,,普通本科,,公办
3230,陆军工程大学,江苏,,普通本科,,公办
,陆军步兵学院,,,普通本科,,
6219,陇东学院,甘肃,,普通本科,,公办
6218,陇南师范学院,甘肃,,普通本科,,公办
6173,陕西中医药大学,陕西,,普通本科,,公办
6138,陕西交通职业技术学院,陕西,,普通本科,,公办
1977,陕西国防工业职业技术学院,陕西,,普通本科,,公办
6144,陕西国际商贸学院,陕西,,民办/独立学院,,民办
5335,陕西学前师范学院,陕西,,普通本科,,公办
1333,陕西工业职业技术学院,,,普通本科,,
6178,陕西工商职业学院,陕西,,普通本科,,公办
6111,陕西师范大学,陕西,,211,,公办
6191,陕西旅游烹饪职业学院,陕西,,民办/独立学院,,民办
6143,陕西服装工程学院,陕西,,民办/独立学院,,民办
8367,陕西机电职业技术学院,陕西,,普通本科,,公办
5345,陕西理工大学,陕西,,普通本科,,公办
1972,陕西电子信息职业技术学院,陕西,,民办/独立学院,,民办
6109,陕西科技大学,陕西,,普通本科,,公办
6152,陕西科技大学镐京学院,陕西,,民办/独立学院,,民办
8372,陕西职业技术学院,陕西,,普通本科,,公办
6179,陕西能源职业技术学院,陕西,,普通本科,,公办
6145,陕西航空职业技术学院,陕西,,普通本科,,公办
1995,陕西艺术职业学院,陕西,,普通本科,,公办
6148,陕西警察学院,陕西,,普通本科,,公办
6181,陕西财经职业技术学院,陕西,,普通本科,,公办
6188,陕西邮电职业技术学院,陕西,,普通本科,,公办
6147,陕西铁路工程职业技术学院,陕西,,普通本科,,公办
1990,陕西青年职业学院,陕西,,普通本科,,公办
4262,随州职业技术学院,湖北,,普通本科,,公办
5173,雅安职业技术学院,四川,,普通本科,,公办
7063,集宁师范学院,内蒙古,,普通本科,,公办
3510,集美大学,福建,,普通本科,,公办
3513,集美大学诚毅学院,福建,,民办/独立学院,,民办
7026,集美工业职业学院,福建,,普通本科,,公办
4435,青岛农业大学,山东,,普通本科,,公办
2037,青岛农业大学海都学院,山东,,普通本科,,民办
3748,青岛城市学院,山东,,民办/独立学院,,民办
2205,青岛大学,山东,,普通本科,,公办
3763,青岛工学院,山东,,民办/独立学院,,民办
1210,青岛工程职业学院,山东,,普通本科,,公办
,青岛幼儿师范高等专科学校,山东,,普通本科,,公办
3728,青岛恒星科技学院,山东,,民办/独立学院,,民办
3729,青岛求实职业技术学院,山东,,民办/独立学院,,民办
3737,青岛港湾职业技术学院,山东,,普通本科,,公办
1781,青岛滨海学院,山东,,民办/独立学院,,民办
2410,青岛理工大学,山东,,普通本科,,公办
2394,青岛电影学院,山东,,普通本科,,民办
2275,青岛科技大学,山东,,普通本科,,公办
1800,青岛职业技术学院,山东,,普通本科,,公办
8343,青岛航空科技职业学院,山东,,民办/独立学院,,民办
4320,青岛远洋船员职业学院,山东,,普通本科,,公办
3724,青岛酒店管理职业技术学院,山东,,普通本科,,公办
3731,青岛黄海学院,山东,,民办/独立学院,,民办
6307,青海农牧科技职业学院,青海,,普通本科,,公办
6308,青海卫生职业技术学院,青海,,普通本科,,公办
2125,青海大学,青海,,211,,公办
6304,青海师范大学,青海,,普通本科,,公办
1218,青海建筑职业技术学院,,,普通本科,,
1801,青海柴达木职业技术学院,青海,,普通本科,,公办
6302,青海民族大学,青海,,普通本科,,公办
6313,青海理工学院,青海,,普通本科,,公办
1806,青海职业技术大学,青海,,普通本科,,公办
,青海警官职业学院,青海,,普通本科,,公办
1804,青海高等职业技术学院,青海,,普通本科,,公办
3585,鞍山师范学院,辽宁,,普通本科,,公办
51,鞍山职业技术学院,辽宁,,普通本科,,公办
4855,韩山师范学院,广东,,普通本科,,公办
4435,韶关学院,广东,,普通本科,,公办
2144,顺德职业技术大学,广东,,普通本科,,公办
5,首都体育学院,北京,,普通本科,,公办
2200,首都医科大学,北京,,普通本科,,公办
1052,首都师范大学,北京,,普通本科,,公办
2045,首都师范大学科德学院,北京,,普通本科,,民办
2500,首都经济贸易大学,北京,,普通本科,,公办
,首都经济贸易大学密云分校,北京,,普通本科,,公办
1109,首钢工学院,北京,,普通本科,,公办
2557,香港中文大学,香港,,普通本科,,公办
2558,香港中文大学(深圳),广东,,普通本科,,内地与港澳台地区合作办学
2546,香港城市大学,香港,,普通本科,,公办
9106,香港城市大学(东莞),广东,,普通本科,,内地与港澳台地区合作办学
1713,香港珠海学院,香港,,普通本科,,民办
2552,香港科技大学(广州),广东,,普通本科,,内地与港澳台地区合作办学
6816,马鞍山学院,安徽,,民办/独立学院,,民办
9365,马鞍山师范高等专科学校,安徽,,普通本科,,公办
1068,马鞍山职业技术学院,,,普通本科,,
1962,驻马店职业技术学院,河南,,普通本科,,公办
4480,鲁东大学,山东,,普通本科,,公办
1059,鲁迅美术学院,辽宁,,普通本科,,公办
2271,鹤壁汽车工程职业学院,河南,,普通本科,,民办
1598,鹤壁职业技术学院,河南,,普通本科,,公办
665,鹤壁能源化工职业学院,河南,,普通本科,,公办
8188,鹤岗师范高等专科学校,黑龙江,,普通本科,,公办
3006,鹰潭卫生职业学院,江西,,民办/独立学院,,民办
10514,黄冈师范学院,湖北,,普通本科,,公办
8244,黄冈科技职业学院,湖北,,民办/独立学院,,民办
4243,黄冈职业技术学院,湖北,,普通本科,,公办
2297,黄山健康职业学院,安徽,,民办/独立学院,,民办
834,黄山学院,安徽,,普通本科,,公办
3461,黄山职业技术学院,安徽,,普通本科,,公办
6226,黄河交通学院,河南,,民办/独立学院,,民办
4148,黄河水利职业技术大学,河南,,普通本科,,公办
2296,黄河科技学院,河南,,普通本科,,民办
4158,黄淮学院,河南,,普通本科,,公办
9375,黎明职业大学,福建,,普通本科,,公办
3735,黑河学院,黑龙江,,普通本科,,公办
996,黑龙江三江美术职业学院,黑龙江,,民办/独立学院,,民办
978,黑龙江东方学院,黑龙江,,民办/独立学院,,民办
2610,黑龙江中医药大学,黑龙江,,普通本科,,公办
2362,黑龙江交通职业技术学院,黑龙江,,普通本科,,公办
1601,黑龙江八一农垦大学,黑龙江,,普通本科,,公办
8379,黑龙江农业工程职业学院,黑龙江,,普通本科,,公办
2341,黑龙江农业经济职业学院,黑龙江,,普通本科,,公办
995,黑龙江农业职业技术学院,黑龙江,,普通本科,,公办
8381,黑龙江农垦职业学院,黑龙江,,普通本科,,公办
671,黑龙江冰雪体育职业学院,黑龙江,,普通本科,,公办
2362,黑龙江司法警官职业学院,黑龙江,,普通本科,,公办
997,黑龙江商业职业学院,黑龙江,,普通本科,,公办
2354,黑龙江外国语学院,黑龙江,,民办/独立学院,,民办
3695,黑龙江大学,黑龙江,,普通本科,,公办
8386,黑龙江工业学院,黑龙江,,普通本科,,公办
981,黑龙江工商学院,黑龙江,,民办/独立学院,,民办
2317,黑龙江工程学院,黑龙江,,普通本科,,公办
980,黑龙江工程学院昆仑旅游学院,黑龙江,,民办/独立学院,,民办
2373,黑龙江幼儿师范高等专科学校,黑龙江,,普通本科,,公办
2323,黑龙江建筑职业技术学院,黑龙江,,普通本科,,公办
2376,黑龙江护理高等专科学校,黑龙江,,普通本科,,公办
989,黑龙江旅游职业技术学院,黑龙江,,普通本科,,公办
2342,黑龙江林业职业技术学院,黑龙江,,普通本科,,公办
990,黑龙江民族职业学院,黑龙江,,普通本科,,公办
2336,黑龙江生态工程职业学院,黑龙江,,普通本科,,公办
3745,黑龙江科技大学,黑龙江,,普通本科,,公办
1006,黑龙江职业学院,黑龙江,,普通本科,,公办
2347,黑龙江能源职业学院,黑龙江,,普通本科,,公办
690,黑龙江艺术职业学院,,,普通本科,,
2318,黑龙江财经学院,黑龙江,,民办/独立学院,,民办
5222,黔东南民族职业技术学院,贵州,,普通本科,,公办
5284,黔东南理工职业学院,贵州,,普通本科,,公办
5217,黔南民族医学高等专科学校,贵州,,普通本科,,公办
5207,黔南民族师范学院,贵州,,普通本科,,公办
5266,黔南民族幼儿师范高等专科学校,贵州,,普通本科,,公办
5226,黔南民族职业技术学院,贵州,,普通本科,,公办
5265,黔西南民族职业技术学院,贵州,,普通本科,,公办
7629,齐鲁医药学院,山东,,民办/独立学院,,民办
3752,齐鲁工业大学,山东,,普通本科,,公办
1764,齐鲁师范学院,山东,,普通本科,,公办
3766,齐鲁理工学院,山东,,民办/独立学院,,民办
2352,齐齐哈尔医学院,黑龙江,,普通本科,,公办
3710,齐齐哈尔大学,黑龙江,,普通本科,,公办
8389,齐齐哈尔工程学院,黑龙江,,民办/独立学院,,民办
2390,齐齐哈尔理工职业学院,黑龙江,,普通本科,,民办
2391,齐齐哈尔立德健康职业学院,,,普通本科,,
2351,齐齐哈尔高等师范专科学校,黑龙江,,普通本科,,公办
5580,龙岩学院,福建,,普通本科,,公办
