uni_name,aliases
上海交通大学,
上海大学,
上海理工大学,
上海科技大学,
上海财经大学,
东北大学,
东北财经大学,
东南大学,
中南大学,
中南财经政法大学,
中原工学院,
中国人民大学,
中国传媒大学,
中国农业大学,
中国政法大学,
中国海洋大学,
中国矿业大学,
中国科学技术大学,
中央民族大学,
中央财经大学,
中山大学,
兰州大学,
北京交通大学,
北京大学,
北京工商大学,
北京师范大学,
北京理工大学,
北京科技大学,
北京航空航天大学,
北京邮电大学,
华东师范大学,
华东政法大学,
华中师范大学,
华中科技大学,
华北电力大学,
华南理工大学,
南京大学,
南京工业大学,
南京师范大学,
南京理工大学,
南京航空航天大学,
南开大学,
南方科技大学,
南昌大学,
厦门大学,
合肥工业大学,
吉林大学,
同济大学,
哈尔滨工业大学,
哈尔滨工程大学,
哈尔滨理工大学,
四川大学,
国防科技大学,
复旦大学,
大连理工大学,
天津大学,
天津财经大学,
太原理工大学,
对外经济贸易大学,
山东大学,
山东师范大学,
山西大学,
广东外语外贸大学,
广东工业大学,
扬州大学,
昆明理工大学,
暨南大学,
杭州电子科技大学,
武汉大学,
江南大学,
江西财经大学,
河北工业大学,
河南大学,
河南科技大学,
河海大学,
洛阳师范学院,
浙江大学,
浙江工业大学,
浙江工商大学,
深圳大学,
深圳技术大学,
清华大学,
湖南大学,
燕山大学,
电子科技大学,
福州大学,
苏州大学,
西北农林科技大学,
西北工业大学,
西南大学,
西南政法大学,
西南财经大学,
西安交通大学,
西安理工大学,
西安电子科技大学,
郑州大学,
郑州工商学院,
郑州轻工业大学,
重庆大学,
长沙理工大学,
陕西师范大学,
首都医科大学,
首都经济贸易大学,
黄河科技学院,
