prov_id,year,track,score,rank,cum_count,source,fetched_at
henan,2025,phy,710,12,12,https://hf-mirror.com/datasets/choucsan/Gaokao-Compass-11M/resolve/main/data/2025/henan/score-range.csv,2026-09-18T10:06:18+00:00
henan,2025,phy,709,19,7,https://hf-mirror.com/datasets/choucsan/Gaokao-Compass-11M/resolve/main/data/2025/henan/score-range.csv,2026-09-18T10:06:18+00:00
henan,2025,phy,708,23,4,https://hf-mirror.com/datasets/choucsan/Gaokao-Compass-11M/resolve/main/data/2025/henan/score-range.csv,2026-09-18T10:06:18+00:00
henan,2025,phy,707,27,4,https://hf-mirror.com/datasets/choucsan/Gaokao-Compass-11M/resolve/main/data/2025/henan/score-range.csv,2026-09-18T10:06:18+00:00
henan,2025,phy,706,33,6,https://hf-mirror.com/datasets/choucsan/Gaokao-Compass-11M/resolve/main/data/2025/henan/score-range.csv,2026-09-18T10:06:18+00:00
henan,2025,phy,705,41,8,https://hf-mirror.com/datasets/choucsan/Gaokao-Compass-11M/resolve/main/data/2025/henan/score-range.csv,2026-09-18T10:06:18+00:00
henan,2025,phy,704,52,11,https://hf-mirror.com/datasets/choucsan/Gaokao-Compass-11M/resolve/main/data/2025/henan/score-range.csv,2026-09-18T10:06:18+00:00
henan,2025,phy,703,66,14,https://hf-mirror.com/datasets/choucsan/Gaokao-Compass-11M/resolve/main/data/2025/henan/score-range.csv,2026-09-18T10:06:18+00:00
henan,2025,phy,702,82,16,https://hf-mirror.com/datasets/choucsan/Gaokao-Compass-11M/resolve/main/data/2025/henan/score-range.csv,2026-09-18T10:06:18+00:00
henan,2025,phy,701,91,9,https://hf-mirror.com/datasets/choucsan/Gaokao-Compass-11M/resolve/main/data/2025/henan/score-range.csv,2026-09-18T10:06:18+00:00
henan,2025,phy,700,108,17,https://hf-mirror.com/datasets/choucsan/Gaokao-Compass-11M/resolve/main/data/2025/henan/score-range.csv,2026-09-18T10:06:18+00:00
henan,2025,phy,699,122,14,https://hf-mirror.com/datasets/choucsan/Gaokao-Compass-11M/resolve/main/data/2025/henan/score-range.csv,2026-09-18T10:06:18+00:00
henan,2025,phy,698,151,29,https://hf-mirror.com/datasets/choucsan/Gaokao-Compass-11M/resolve/main/data/2025/henan/score-range.csv,2026-09-18T10:06:18+00:00
henan,2025,phy,697,186,35,https://hf-mirror.com/datasets/choucsan/Gaokao-Compass-11M/resolve/main/data/2025/henan/score-range.csv,2026-09-18T10:06:18+00:00
henan,2025,phy,696,213,27,https://hf-mirror.com/datasets/choucsan/Gaokao-Compass-11M/resolve/main/data/2025/henan/score-range.csv,2026-09-18T10:06:18+00:00
henan,2025,phy,695,241,28,https://hf-mirror.com/datasets/choucsan/Gaokao-Compass-11M/resolve/main/data/2025/henan/score-range.csv,2026-09-18T10:06:18+00:00
henan,2025,phy,694,272,31,https://hf-mirror.com/datasets/choucsan/Gaokao-Compass-11M/resolve/main/data/2025/henan/score-range.csv,2026-09-18T10:06:18+00:00
henan,2025,phy,693,313,41,https://hf-mirror.com/datasets/choucsan/Gaokao-Compass-11M/resolve/main/data/2025/henan/score-range.csv,2026-09-18T10:06:18+00:00
henan,2025,phy,692,339,26,https://hf-mirror.com/datasets/choucsan/Gaokao-Compass-11M/resolve/main/data/2025/henan/score-range.csv,2026-09-18T10:06:18+00:00
henan,2025,phy,691,380,41,https://hf-mirror.com/datasets/choucsan/Gaokao-Compass-11M/resolve/main/data/2025/henan/score-range.csv,2026-09-18T10:06:18+00:00
henan,2025,phy,690,416,36,https://hf-mirror.com/datasets/choucsan/Gaokao-Compass-11M/resolve/main/data/2025/henan/score-range.csv,2026-09-18T10:06:18+00:00
henan,2025,phy,689,461,45,https://hf-mirror.com/datasets/choucsan/Gaokao-Compass-11M/resolve/main/data/2025/henan/score-range.csv,2026-09-18T10:06:18+00:00
henan,2025,phy,688,511,50,https://hf-mirror.com/datasets/choucsan/Gaokao-Compass-11M/resolve/main/data/2025/henan/score-range.csv,2026-09-18T10:06:18+00:00
henan,2025,phy,687,566,55,https://hf-mirror.com/datasets/choucsan/Gaokao-Compass-11M/resolve/main/data/2025/henan/score-range.csv,2026-09-18T10:06:18+00:00
henan,2025,phy,686,627,61,https://hf-mirror.com/datasets/choucsan/Gaokao-Compass-11M/resolve/main/data/2025/henan/score-range.csv,2026-09-18T10:06:18+00:00
henan,2025,phy,685,695,68,https://hf-mirror.com/datasets/choucsan/Gaokao-Compass-11M/resolve/main/data/2025/henan/score-range.csv,2026-09-18T10:06:18+00:00
henan,2025,phy,684,779,84,https://hf-mirror.com/datasets/choucsan/Gaokao-Compass-11M/resolve/main/data/2025/henan/score-range.csv,2026-09-18T10:06:18+00:00
henan,2025,phy,683,857,78,https://hf-mirror.com/datasets/choucsan/Gaokao-Compass-11M/resolve/main/data/2025/henan/score-range.csv,2026-09-18T10:06:18+00:00
henan,2025,phy,682,961,104,https://hf-mirror.com/datasets/choucsan/Gaokao-Compass-11M/resolve/main/data/2025/henan/score-range.csv,2026-09-18T10:06:18+00:00
henan,2025,phy,681,1047,86,https://hf-mirror.com/datasets/choucsan/Gaokao-Compass-11M/resolve/main/data/2025/henan/score-range.csv,2026-09-18T10:06:18+00:00
henan,2025,phy,680,1146,99,https://hf-mirror.com/datasets/choucsan/Gaokao-Compass-11M/resolve/main/data/2025/henan/score-range.csv,2026-09-18T10:06:18+00:00
henan,2025,phy,679,1277,131,https://hf-mirror.com/datasets/choucsan/Gaokao-Compass-11M/resolve/main/data/2025/henan/score-range.csv,2026-09-18T10:06:18+00:00
henan,2025,phy,678,1380,103,https://hf-mirror.com/datasets/choucsan/Gaokao-Compass-11M/resolve/main/data/2025/henan/score-range.csv,2026-09-18T10:06:18+00:00
henan,2025,phy,677,1509,129,https://hf-mirror.com/datasets/choucsan/Gaokao-Compass-11M/resolve/main/data/2025/henan/score-range.csv,2026-09-18T10:06:18+00:00
henan,2025,phy,676,1624,115,https://hf-mirror.com/datasets/choucsan/Gaokao-Compass-11M/resolve/main/data/2025/henan/score-range.csv,2026-09-18T10:06:18+00:00
henan,2025,phy,675,1763,139,https://hf-mirror.com/datasets/choucsan/Gaokao-Compass-11M/resolve/main/data/2025/henan/score-range.csv,2026-09-18T10:06:18+00:00
henan,2025,phy,674,1917,154,https://hf-mirror.com/datasets/choucsan/Gaokao-Compass-11M/resolve/main/data/2025/henan/score-range.csv,2026-09-18T10:06:18+00:00
henan,2025,phy,673,2061,144,https://hf-mirror.com/datasets/choucsan/Gaokao-Compass-11M/resolve/main/data/2025/henan/score-range.csv,2026-09-18T10:06:18+00:00
henan,2025,phy,672,2230,169,https://hf-mirror.com/datasets/choucsan/Gaokao-Compass-11M/resolve/main/data/2025/henan/score-range.csv,2026-09-18T10:06:18+00:00
henan,2025,phy,671,2395,165,https://hf-mirror.com/datasets/choucsan/Gaokao-Compass-11M/resolve/main/data/2025/henan/score-range.csv,2026-09-18T10:06:18+00:00
henan,2025,phy,670,2579,184,https://hf-mirror.com/datasets/choucsan/Gaokao-Compass-11M/resolve/main/data/2025/henan/score-range.csv,2026-09-18T10:06:18+00:00
henan,2025,phy,669,2741,162,https://hf-mirror.com/datasets/choucsan/Gaokao-Compass-11M/resolve/main/data/2025/henan/score-range.csv,2026-09-18T10:06:18+00:00
henan,2025,phy,668,2939,198,https://hf-mirror.com/datasets/choucsan/Gaokao-Compass-11M/resolve/main/data/2025/henan/score-range.csv,2026-09-18T10:06:18+00:00
henan,2025,phy,667,3171,232,https://hf-mirror.com/datasets/choucsan/Gaokao-Compass-11M/resolve/main/data/2025/henan/score-range.csv,2026-09-18T10:06:18+00:00
henan,2025,phy,666,3387,216,https://hf-mirror.com/datasets/choucsan/Gaokao-Compass-11M/resolve/main/data/2025/henan/score-range.csv,2026-09-18T10:06:18+00:00
henan,2025,phy,665,3614,227,https://hf-mirror.com/datasets/choucsan/Gaokao-Compass-11M/resolve/main/data/2025/henan/score-range.csv,2026-09-18T10:06:18+00:00
henan,2025,phy,664,3838,224,https://hf-mirror.com/datasets/choucsan/Gaokao-Compass-11M/resolve/main/data/2025/henan/score-range.csv,2026-09-18T10:06:18+00:00
henan,2025,phy,663,4081,243,https://hf-mirror.com/datasets/choucsan/Gaokao-Compass-11M/resolve/main/data/2025/henan/score-range.csv,2026-09-18T10:06:18+00:00
henan,2025,phy,662,4316,235,https://hf-mirror.com/datasets/choucsan/Gaokao-Compass-11M/resolve/main/data/2025/henan/score-range.csv,2026-09-18T10:06:18+00:00
henan,2025,phy,661,4578,262,https://hf-mirror.com/datasets/choucsan/Gaokao-Compass-11M/resolve/main/data/2025/henan/score-range.csv,2026-09-18T10:06:18+00:00
henan,2025,phy,660,4874,296,https://hf-mirror.com/datasets/choucsan/Gaokao-Compass-11M/resolve/main/data/2025/henan/score-range.csv,2026-09-18T10:06:18+00:00
henan,2025,phy,659,5147,273,https://hf-mirror.com/datasets/choucsan/Gaokao-Compass-11M/resolve/main/data/2025/henan/score-range.csv,2026-09-18T10:06:18+00:00
henan,2025,phy,658,5456,309,https://hf-mirror.com/datasets/choucsan/Gaokao-Compass-11M/resolve/main/data/2025/henan/score-range.csv,2026-09-18T10:06:18+00:00
henan,2025,phy,657,5758,302,https://hf-mirror.com/datasets/choucsan/Gaokao-Compass-11M/resolve/main/data/2025/henan/score-range.csv,2026-09-18T10:06:18+00:00
henan,2025,phy,656,6120,362,https://hf-mirror.com/datasets/choucsan/Gaokao-Compass-11M/resolve/main/data/2025/henan/score-range.csv,2026-09-18T10:06:18+00:00
henan,2025,phy,655,6441,321,https://hf-mirror.com/datasets/choucsan/Gaokao-Compass-11M/resolve/main/data/2025/henan/score-range.csv,2026-09-18T10:06:18+00:00
henan,2025,phy,654,6779,338,https://hf-mirror.com/datasets/choucsan/Gaokao-Compass-11M/resolve/main/data/2025/henan/score-range.csv,2026-09-18T10:06:18+00:00
henan,2025,phy,653,7144,365,https://hf-mirror.com/datasets/choucsan/Gaokao-Compass-11M/resolve/main/data/2025/henan/score-range.csv,2026-09-18T10:06:18+00:00
henan,2025,phy,652,7511,367,https://hf-mirror.com/datasets/choucsan/Gaokao-Compass-11M/resolve/main/data/2025/henan/score-range.csv,2026-09-18T10:06:18+00:00
henan,2025,phy,651,7914,403,https://hf-mirror.com/datasets/choucsan/Gaokao-Compass-11M/resolve/main/data/2025/henan/score-range.csv,2026-09-18T10:06:18+00:00
henan,2025,phy,650,8281,367,https://hf-mirror.com/datasets/choucsan/Gaokao-Compass-11M/resolve/main/data/2025/henan/score-range.csv,2026-09-18T10:06:18+00:00
henan,2025,phy,649,8687,406,https://hf-mirror.com/datasets/choucsan/Gaokao-Compass-11M/resolve/main/data/2025/henan/score-range.csv,2026-09-18T10:06:18+00:00
henan,2025,phy,648,9130,443,https://hf-mirror.com/datasets/choucsan/Gaokao-Compass-11M/resolve/main/data/2025/henan/score-range.csv,2026-09-18T10:06:18+00:00
henan,2025,phy,647,9537,407,https://hf-mirror.com/datasets/choucsan/Gaokao-Compass-11M/resolve/main/data/2025/henan/score-range.csv,2026-09-18T10:06:18+00:00
henan,2025,phy,646,9989,452,https://hf-mirror.com/datasets/choucsan/Gaokao-Compass-11M/resolve/main/data/2025/henan/score-range.csv,2026-09-18T10:06:18+00:00
henan,2025,phy,645,10445,456,https://hf-mirror.com/datasets/choucsan/Gaokao-Compass-11M/resolve/main/data/2025/henan/score-range.csv,2026-09-18T10:06:18+00:00
henan,2025,phy,644,10886,441,https://hf-mirror.com/datasets/choucsan/Gaokao-Compass-11M/resolve/main/data/2025/henan/score-range.csv,2026-09-18T10:06:18+00:00
henan,2025,phy,643,11370,484,https://hf-mirror.com/datasets/choucsan/Gaokao-Compass-11M/resolve/main/data/2025/henan/score-range.csv,2026-09-18T10:06:18+00:00
henan,2025,phy,642,11842,472,https://hf-mirror.com/datasets/choucsan/Gaokao-Compass-11M/resolve/main/data/2025/henan/score-range.csv,2026-09-18T10:06:18+00:00
henan,2025,phy,641,12353,511,https://hf-mirror.com/datasets/choucsan/Gaokao-Compass-11M/resolve/main/data/2025/henan/score-range.csv,2026-09-18T10:06:18+00:00
henan,2025,phy,640,12870,517,https://hf-mirror.com/datasets/choucsan/Gaokao-Compass-11M/resolve/main/data/2025/henan/score-range.csv,2026-09-18T10:06:18+00:00
henan,2025,phy,639,13404,534,https://hf-mirror.com/datasets/choucsan/Gaokao-Compass-11M/resolve/main/data/2025/henan/score-range.csv,2026-09-18T10:06:18+00:00
henan,2025,phy,638,13941,537,https://hf-mirror.com/datasets/choucsan/Gaokao-Compass-11M/resolve/main/data/2025/henan/score-range.csv,2026-09-18T10:06:18+00:00
henan,2025,phy,637,14500,559,https://hf-mirror.com/datasets/choucsan/Gaokao-Compass-11M/resolve/main/data/2025/henan/score-range.csv,2026-09-18T10:06:18+00:00
henan,2025,phy,636,15066,566,https://hf-mirror.com/datasets/choucsan/Gaokao-Compass-11M/resolve/main/data/2025/henan/score-range.csv,2026-09-18T10:06:18+00:00
henan,2025,phy,635,15727,661,https://hf-mirror.com/datasets/choucsan/Gaokao-Compass-11M/resolve/main/data/2025/henan/score-range.csv,2026-09-18T10:06:18+00:00
henan,2025,phy,634,16357,630,https://hf-mirror.com/datasets/choucsan/Gaokao-Compass-11M/resolve/main/data/2025/henan/score-range.csv,2026-09-18T10:06:18+00:00
henan,2025,phy,633,16998,641,https://hf-mirror.com/datasets/choucsan/Gaokao-Compass-11M/resolve/main/data/2025/henan/score-range.csv,2026-09-18T10:06:18+00:00
henan,2025,phy,632,17632,634,https://hf-mirror.com/datasets/choucsan/Gaokao-Compass-11M/resolve/main/data/2025/henan/score-range.csv,2026-09-18T10:06:18+00:00
henan,2025,phy,631,18242,610,https://hf-mirror.com/datasets/choucsan/Gaokao-Compass-11M/resolve/main/data/2025/henan/score-range.csv,2026-09-18T10:06:18+00:00
henan,2025,phy,630,18923,681,https://hf-mirror.com/datasets/choucsan/Gaokao-Compass-11M/resolve/main/data/2025/henan/score-range.csv,2026-09-18T10:06:18+00:00
henan,2025,phy,629,19599,676,https://hf-mirror.com/datasets/choucsan/Gaokao-Compass-11M/resolve/main/data/2025/henan/score-range.csv,2026-09-18T10:06:18+00:00
henan,2025,phy,628,20262,663,https://hf-mirror.com/datasets/choucsan/Gaokao-Compass-11M/resolve/main/data/2025/henan/score-range.csv,2026-09-18T10:06:18+00:00
henan,2025,phy,627,20939,677,https://hf-mirror.com/datasets/choucsan/Gaokao-Compass-11M/resolve/main/data/2025/henan/score-range.csv,2026-09-18T10:06:18+00:00
henan,2025,phy,626,21686,747,https://hf-mirror.com/datasets/choucsan/Gaokao-Compass-11M/resolve/main/data/2025/henan/score-range.csv,2026-09-18T10:06:18+00:00
henan,2025,phy,625,22450,764,https://hf-mirror.com/datasets/choucsan/Gaokao-Compass-11M/resolve/main/data/2025/henan/score-range.csv,2026-09-18T10:06:18+00:00
henan,2025,phy,624,23204,754,https://hf-mirror.com/datasets/choucsan/Gaokao-Compass-11M/resolve/main/data/2025/henan/score-range.csv,2026-09-18T10:06:18+00:00
henan,2025,phy,623,23980,776,https://hf-mirror.com/datasets/choucsan/Gaokao-Compass-11M/resolve/main/data/2025/henan/score-range.csv,2026-09-18T10:06:18+00:00
henan,2025,phy,622,24764,784,https://hf-mirror.com/datasets/choucsan/Gaokao-Compass-11M/resolve/main/data/2025/henan/score-range.csv,2026-09-18T10:06:18+00:00
henan,2025,phy,621,25611,847,https://hf-mirror.com/datasets/choucsan/Gaokao-Compass-11M/resolve/main/data/2025/henan/score-range.csv,2026-09-18T10:06:18+00:00
henan,2025,phy,620,26385,774,https://hf-mirror.com/datasets/choucsan/Gaokao-Compass-11M/resolve/main/data/2025/henan/score-range.csv,2026-09-18T10:06:18+00:00
henan,2025,phy,619,27239,854,https://hf-mirror.com/datasets/choucsan/Gaokao-Compass-11M/resolve/main/data/2025/henan/score-range.csv,2026-09-18T10:06:18+00:00
henan,2025,phy,618,28088,849,https://hf-mirror.com/datasets/choucsan/Gaokao-Compass-11M/resolve/main/data/2025/henan/score-range.csv,2026-09-18T10:06:18+00:00
henan,2025,phy,617,28989,901,https://hf-mirror.com/datasets/choucsan/Gaokao-Compass-11M/resolve/main/data/2025/henan/score-range.csv,2026-09-18T10:06:18+00:00
henan,2025,phy,616,29930,941,https://hf-mirror.com/datasets/choucsan/Gaokao-Compass-11M/resolve/main/data/2025/henan/score-range.csv,2026-09-18T10:06:18+00:00
henan,2025,phy,615,30812,882,https://hf-mirror.com/datasets/choucsan/Gaokao-Compass-11M/resolve/main/data/2025/henan/score-range.csv,2026-09-18T10:06:18+00:00
henan,2025,phy,614,31705,893,https://hf-mirror.com/datasets/choucsan/Gaokao-Compass-11M/resolve/main/data/2025/henan/score-range.csv,2026-09-18T10:06:18+00:00
henan,2025,phy,613,32607,902,https://hf-mirror.com/datasets/choucsan/Gaokao-Compass-11M/resolve/main/data/2025/henan/score-range.csv,2026-09-18T10:06:18+00:00
henan,2025,phy,612,33569,962,https://hf-mirror.com/datasets/choucsan/Gaokao-Compass-11M/resolve/main/data/2025/henan/score-range.csv,2026-09-18T10:06:18+00:00
henan,2025,phy,611,34569,1000,https://hf-mirror.com/datasets/choucsan/Gaokao-Compass-11M/resolve/main/data/2025/henan/score-range.csv,2026-09-18T10:06:18+00:00
henan,2025,phy,610,35524,955,https://hf-mirror.com/datasets/choucsan/Gaokao-Compass-11M/resolve/main/data/2025/henan/score-range.csv,2026-09-18T10:06:18+00:00
henan,2025,phy,609,36486,962,https://hf-mirror.com/datasets/choucsan/Gaokao-Compass-11M/resolve/main/data/2025/henan/score-range.csv,2026-09-18T10:06:18+00:00
henan,2025,phy,608,37473,987,https://hf-mirror.com/datasets/choucsan/Gaokao-Compass-11M/resolve/main/data/2025/henan/score-range.csv,2026-09-18T10:06:18+00:00
henan,2025,phy,607,38498,1025,https://hf-mirror.com/datasets/choucsan/Gaokao-Compass-11M/resolve/main/data/2025/henan/score-range.csv,2026-09-18T10:06:18+00:00
henan,2025,phy,606,39518,1020,https://hf-mirror.com/datasets/choucsan/Gaokao-Compass-11M/resolve/main/data/2025/henan/score-range.csv,2026-09-18T10:06:18+00:00
henan,2025,phy,605,40609,1091,https://hf-mirror.com/datasets/choucsan/Gaokao-Compass-11M/resolve/main/data/2025/henan/score-range.csv,2026-09-18T10:06:18+00:00
henan,2025,phy,604,41663,1054,https://hf-mirror.com/datasets/choucsan/Gaokao-Compass-11M/resolve/main/data/2025/henan/score-range.csv,2026-09-18T10:06:18+00:00
henan,2025,phy,603,42712,1049,https://hf-mirror.com/datasets/choucsan/Gaokao-Compass-11M/resolve/main/data/2025/henan/score-range.csv,2026-09-18T10:06:18+00:00
henan,2025,phy,602,43771,1059,https://hf-mirror.com/datasets/choucsan/Gaokao-Compass-11M/resolve/main/data/2025/henan/score-range.csv,2026-09-18T10:06:18+00:00
henan,2025,phy,601,44843,1072,https://hf-mirror.com/datasets/choucsan/Gaokao-Compass-11M/resolve/main/data/2025/henan/score-range.csv,2026-09-18T10:06:18+00:00
henan,2025,phy,600,45887,1044,https://hf-mirror.com/datasets/choucsan/Gaokao-Compass-11M/resolve/main/data/2025/henan/score-range.csv,2026-09-18T10:06:18+00:00
henan,2025,phy,599,47010,1123,https://hf-mirror.com/datasets/choucsan/Gaokao-Compass-11M/resolve/main/data/2025/henan/score-range.csv,2026-09-18T10:06:18+00:00
henan,2025,phy,598,48131,1121,https://hf-mirror.com/datasets/choucsan/Gaokao-Compass-11M/resolve/main/data/2025/henan/score-range.csv,2026-09-18T10:06:18+00:00
henan,2025,phy,597,49305,1174,https://hf-mirror.com/datasets/choucsan/Gaokao-Compass-11M/resolve/main/data/2025/henan/score-range.csv,2026-09-18T10:06:18+00:00
henan,2025,phy,596,50521,1216,https://hf-mirror.com/datasets/choucsan/Gaokao-Compass-11M/resolve/main/data/2025/henan/score-range.csv,2026-09-18T10:06:18+00:00
henan,2025,phy,595,51684,1163,https://hf-mirror.com/datasets/choucsan/Gaokao-Compass-11M/resolve/main/data/2025/henan/score-range.csv,2026-09-18T10:06:18+00:00
henan,2025,phy,594,52849,1165,https://hf-mirror.com/datasets/choucsan/Gaokao-Compass-11M/resolve/main/data/2025/henan/score-range.csv,2026-09-18T10:06:18+00:00
henan,2025,phy,593,54059,1210,https://hf-mirror.com/datasets/choucsan/Gaokao-Compass-11M/resolve/main/data/2025/henan/score-range.csv,2026-09-18T10:06:18+00:00
henan,2025,phy,592,55298,1239,https://hf-mirror.com/datasets/choucsan/Gaokao-Compass-11M/resolve/main/data/2025/henan/score-range.csv,2026-09-18T10:06:18+00:00
henan,2025,phy,591,56625,1327,https://hf-mirror.com/datasets/choucsan/Gaokao-Compass-11M/resolve/main/data/2025/henan/score-range.csv,2026-09-18T10:06:18+00:00
henan,2025,phy,590,57947,1322,https://hf-mirror.com/datasets/choucsan/Gaokao-Compass-11M/resolve/main/data/2025/henan/score-range.csv,2026-09-18T10:06:18+00:00
henan,2025,phy,589,59240,1293,https://hf-mirror.com/datasets/choucsan/Gaokao-Compass-11M/resolve/main/data/2025/henan/score-range.csv,2026-09-18T10:06:18+00:00
henan,2025,phy,588,60488,1248,https://hf-mirror.com/datasets/choucsan/Gaokao-Compass-11M/resolve/main/data/2025/henan/score-range.csv,2026-09-18T10:06:18+00:00
henan,2025,phy,587,61718,1230,https://hf-mirror.com/datasets/choucsan/Gaokao-Compass-11M/resolve/main/data/2025/henan/score-range.csv,2026-09-18T10:06:18+00:00
henan,2025,phy,586,63025,1307,https://hf-mirror.com/datasets/choucsan/Gaokao-Compass-11M/resolve/main/data/2025/henan/score-range.csv,2026-09-18T10:06:18+00:00
henan,2025,phy,585,64425,1400,https://hf-mirror.com/datasets/choucsan/Gaokao-Compass-11M/resolve/main/data/2025/henan/score-range.csv,2026-09-18T10:06:18+00:00
henan,2025,phy,584,65709,1284,https://hf-mirror.com/datasets/choucsan/Gaokao-Compass-11M/resolve/main/data/2025/henan/score-range.csv,2026-09-18T10:06:18+00:00
henan,2025,phy,583,67120,1411,https://hf-mirror.com/datasets/choucsan/Gaokao-Compass-11M/resolve/main/data/2025/henan/score-range.csv,2026-09-18T10:06:18+00:00
henan,2025,phy,582,68439,1319,https://hf-mirror.com/datasets/choucsan/Gaokao-Compass-11M/resolve/main/data/2025/henan/score-range.csv,2026-09-18T10:06:18+00:00
henan,2025,phy,581,69871,1432,https://hf-mirror.com/datasets/choucsan/Gaokao-Compass-11M/resolve/main/data/2025/henan/score-range.csv,2026-09-18T10:06:18+00:00
henan,2025,phy,580,71205,1334,https://hf-mirror.com/datasets/choucsan/Gaokao-Compass-11M/resolve/main/data/2025/henan/score-range.csv,2026-09-18T10:06:18+00:00
henan,2025,phy,579,72674,1469,https://hf-mirror.com/datasets/choucsan/Gaokao-Compass-11M/resolve/main/data/2025/henan/score-range.csv,2026-09-18T10:06:18+00:00
henan,2025,phy,578,74079,1405,https://hf-mirror.com/datasets/choucsan/Gaokao-Compass-11M/resolve/main/data/2025/henan/score-range.csv,2026-09-18T10:06:18+00:00
henan,2025,phy,577,75584,1505,https://hf-mirror.com/datasets/choucsan/Gaokao-Compass-11M/resolve/main/data/2025/henan/score-range.csv,2026-09-18T10:06:18+00:00
henan,2025,phy,576,76951,1367,https://hf-mirror.com/datasets/choucsan/Gaokao-Compass-11M/resolve/main/data/2025/henan/score-range.csv,2026-09-18T10:06:18+00:00
henan,2025,phy,575,78368,1417,https://hf-mirror.com/datasets/choucsan/Gaokao-Compass-11M/resolve/main/data/2025/henan/score-range.csv,2026-09-18T10:06:18+00:00
henan,2025,phy,574,79867,1499,https://hf-mirror.com/datasets/choucsan/Gaokao-Compass-11M/resolve/main/data/2025/henan/score-range.csv,2026-09-18T10:06:18+00:00
henan,2025,phy,573,81337,1470,https://hf-mirror.com/datasets/choucsan/Gaokao-Compass-11M/resolve/main/data/2025/henan/score-range.csv,2026-09-18T10:06:18+00:00
henan,2025,phy,572,82802,1465,https://hf-mirror.com/datasets/choucsan/Gaokao-Compass-11M/resolve/main/data/2025/henan/score-range.csv,2026-09-18T10:06:18+00:00
henan,2025,phy,571,84302,1500,https://hf-mirror.com/datasets/choucsan/Gaokao-Compass-11M/resolve/main/data/2025/henan/score-range.csv,2026-09-18T10:06:18+00:00
henan,2025,phy,570,85847,1545,https://hf-mirror.com/datasets/choucsan/Gaokao-Compass-11M/resolve/main/data/2025/henan/score-range.csv,2026-09-18T10:06:18+00:00
henan,2025,phy,569,87297,1450,https://hf-mirror.com/datasets/choucsan/Gaokao-Compass-11M/resolve/main/data/2025/henan/score-range.csv,2026-09-18T10:06:18+00:00
henan,2025,phy,568,88775,1478,https://hf-mirror.com/datasets/choucsan/Gaokao-Compass-11M/resolve/main/data/2025/henan/score-range.csv,2026-09-18T10:06:18+00:00
henan,2025,phy,567,90232,1457,https://hf-mirror.com/datasets/choucsan/Gaokao-Compass-11M/resolve/main/data/2025/henan/score-range.csv,2026-09-18T10:06:18+00:00
henan,2025,phy,566,91732,1500,https://hf-mirror.com/datasets/choucsan/Gaokao-Compass-11M/resolve/main/data/2025/henan/score-range.csv,2026-09-18T10:06:18+00:00
henan,2025,phy,565,93269,1537,https://hf-mirror.com/datasets/choucsan/Gaokao-Compass-11M/resolve/main/data/2025/henan/score-range.csv,2026-09-18T10:06:18+00:00
henan,2025,phy,564,94843,1574,https://hf-mirror.com/datasets/choucsan/Gaokao-Compass-11M/resolve/main/data/2025/henan/score-range.csv,2026-09-18T10:06:18+00:00
henan,2025,phy,563,96460,1617,https://hf-mirror.com/datasets/choucsan/Gaokao-Compass-11M/resolve/main/data/2025/henan/score-range.csv,2026-09-18T10:06:18+00:00
henan,2025,phy,562,98064,1604,https://hf-mirror.com/datasets/choucsan/Gaokao-Compass-11M/resolve/main/data/2025/henan/score-range.csv,2026-09-18T10:06:18+00:00
henan,2025,phy,561,99681,1617,https://hf-mirror.com/datasets/choucsan/Gaokao-Compass-11M/resolve/main/data/2025/henan/score-range.csv,2026-09-18T10:06:18+00:00
henan,2025,phy,560,101279,1598,https://hf-mirror.com/datasets/choucsan/Gaokao-Compass-11M/resolve/main/data/2025/henan/score-range.csv,2026-09-18T10:06:18+00:00
henan,2025,phy,559,102928,1649,https://hf-mirror.com/datasets/choucsan/Gaokao-Compass-11M/resolve/main/data/2025/henan/score-range.csv,2026-09-18T10:06:18+00:00
henan,2025,phy,558,104553,1625,https://hf-mirror.com/datasets/choucsan/Gaokao-Compass-11M/resolve/main/data/2025/henan/score-range.csv,2026-09-18T10:06:18+00:00
henan,2025,phy,557,106110,1557,https://hf-mirror.com/datasets/choucsan/Gaokao-Compass-11M/resolve/main/data/2025/henan/score-range.csv,2026-09-18T10:06:18+00:00
henan,2025,phy,556,107719,1609,https://hf-mirror.com/datasets/choucsan/Gaokao-Compass-11M/resolve/main/data/2025/henan/score-range.csv,2026-09-18T10:06:18+00:00
henan,2025,phy,555,109314,1595,https://hf-mirror.com/datasets/choucsan/Gaokao-Compass-11M/resolve/main/data/2025/henan/score-range.csv,2026-09-18T10:06:18+00:00
henan,2025,phy,554,110951,1637,https://hf-mirror.com/datasets/choucsan/Gaokao-Compass-11M/resolve/main/data/2025/henan/score-range.csv,2026-09-18T10:06:18+00:00
henan,2025,phy,553,112668,1717,https://hf-mirror.com/datasets/choucsan/Gaokao-Compass-11M/resolve/main/data/2025/henan/score-range.csv,2026-09-18T10:06:18+00:00
henan,2025,phy,552,114348,1680,https://hf-mirror.com/datasets/choucsan/Gaokao-Compass-11M/resolve/main/data/2025/henan/score-range.csv,2026-09-18T10:06:18+00:00
henan,2025,phy,551,116078,1730,https://hf-mirror.com/datasets/choucsan/Gaokao-Compass-11M/resolve/main/data/2025/henan/score-range.csv,2026-09-18T10:06:18+00:00
henan,2025,phy,550,117829,1751,https://hf-mirror.com/datasets/choucsan/Gaokao-Compass-11M/resolve/main/data/2025/henan/score-range.csv,2026-09-18T10:06:18+00:00
henan,2025,phy,549,119532,1703,https://hf-mirror.com/datasets/choucsan/Gaokao-Compass-11M/resolve/main/data/2025/henan/score-range.csv,2026-09-18T10:06:18+00:00
henan,2025,phy,548,121209,1677,https://hf-mirror.com/datasets/choucsan/Gaokao-Compass-11M/resolve/main/data/2025/henan/score-range.csv,2026-09-18T10:06:18+00:00
henan,2025,phy,547,122973,1764,https://hf-mirror.com/datasets/choucsan/Gaokao-Compass-11M/resolve/main/data/2025/henan/score-range.csv,2026-09-18T10:06:18+00:00
henan,2025,phy,546,124772,1799,https://hf-mirror.com/datasets/choucsan/Gaokao-Compass-11M/resolve/main/data/2025/henan/score-range.csv,2026-09-18T10:06:18+00:00
henan,2025,phy,545,126477,1705,https://hf-mirror.com/datasets/choucsan/Gaokao-Compass-11M/resolve/main/data/2025/henan/score-range.csv,2026-09-18T10:06:18+00:00
henan,2025,phy,544,128153,1676,https://hf-mirror.com/datasets/choucsan/Gaokao-Compass-11M/resolve/main/data/2025/henan/score-range.csv,2026-09-18T10:06:18+00:00
henan,2025,phy,543,129826,1673,https://hf-mirror.com/datasets/choucsan/Gaokao-Compass-11M/resolve/main/data/2025/henan/score-range.csv,2026-09-18T10:06:18+00:00
henan,2025,phy,542,131568,1742,https://hf-mirror.com/datasets/choucsan/Gaokao-Compass-11M/resolve/main/data/2025/henan/score-range.csv,2026-09-18T10:06:18+00:00
henan,2025,phy,541,133317,1749,https://hf-mirror.com/datasets/choucsan/Gaokao-Compass-11M/resolve/main/data/2025/henan/score-range.csv,2026-09-18T10:06:18+00:00
henan,2025,phy,540,135096,1779,https://hf-mirror.com/datasets/choucsan/Gaokao-Compass-11M/resolve/main/data/2025/henan/score-range.csv,2026-09-18T10:06:18+00:00
henan,2025,phy,539,136912,1816,https://hf-mirror.com/datasets/choucsan/Gaokao-Compass-11M/resolve/main/data/2025/henan/score-range.csv,2026-09-18T10:06:18+00:00
henan,2025,phy,538,138722,1810,https://hf-mirror.com/datasets/choucsan/Gaokao-Compass-11M/resolve/main/data/2025/henan/score-range.csv,2026-09-18T10:06:18+00:00
henan,2025,phy,537,140429,1707,https://hf-mirror.com/datasets/choucsan/Gaokao-Compass-11M/resolve/main/data/2025/henan/score-range.csv,2026-09-18T10:06:18+00:00
henan,2025,phy,536,142192,1763,https://hf-mirror.com/datasets/choucsan/Gaokao-Compass-11M/resolve/main/data/2025/henan/score-range.csv,2026-09-18T10:06:18+00:00
henan,2025,phy,535,143976,1784,https://hf-mirror.com/datasets/choucsan/Gaokao-Compass-11M/resolve/main/data/2025/henan/score-range.csv,2026-09-18T10:06:18+00:00
henan,2025,phy,534,145853,1877,https://hf-mirror.com/datasets/choucsan/Gaokao-Compass-11M/resolve/main/data/2025/henan/score-range.csv,2026-09-18T10:06:18+00:00
henan,2025,phy,533,147701,1848,https://hf-mirror.com/datasets/choucsan/Gaokao-Compass-11M/resolve/main/data/2025/henan/score-range.csv,2026-09-18T10:06:18+00:00
henan,2025,phy,532,149558,1857,https://hf-mirror.com/datasets/choucsan/Gaokao-Compass-11M/resolve/main/data/2025/henan/score-range.csv,2026-09-18T10:06:18+00:00
henan,2025,phy,531,151364,1806,https://hf-mirror.com/datasets/choucsan/Gaokao-Compass-11M/resolve/main/data/2025/henan/score-range.csv,2026-09-18T10:06:18+00:00
henan,2025,phy,530,153170,1806,https://hf-mirror.com/datasets/choucsan/Gaokao-Compass-11M/resolve/main/data/2025/henan/score-range.csv,2026-09-18T10:06:18+00:00
henan,2025,phy,529,154977,1807,https://hf-mirror.com/datasets/choucsan/Gaokao-Compass-11M/resolve/main/data/2025/henan/score-range.csv,2026-09-18T10:06:18+00:00
henan,2025,phy,528,156750,1773,https://hf-mirror.com/datasets/choucsan/Gaokao-Compass-11M/resolve/main/data/2025/henan/score-range.csv,2026-09-18T10:06:18+00:00
henan,2025,phy,527,158564,1814,https://hf-mirror.com/datasets/choucsan/Gaokao-Compass-11M/resolve/main/data/2025/henan/score-range.csv,2026-09-18T10:06:18+00:00
henan,2025,phy,526,160378,1814,https://hf-mirror.com/datasets/choucsan/Gaokao-Compass-11M/resolve/main/data/2025/henan/score-range.csv,2026-09-18T10:06:18+00:00
henan,2025,phy,525,162191,1813,https://hf-mirror.com/datasets/choucsan/Gaokao-Compass-11M/resolve/main/data/2025/henan/score-range.csv,2026-09-18T10:06:18+00:00
henan,2025,phy,524,164057,1866,https://hf-mirror.com/datasets/choucsan/Gaokao-Compass-11M/resolve/main/data/2025/henan/score-range.csv,2026-09-18T10:06:18+00:00
henan,2025,phy,523,165927,1870,https://hf-mirror.com/datasets/choucsan/Gaokao-Compass-11M/resolve/main/data/2025/henan/score-range.csv,2026-09-18T10:06:18+00:00
henan,2025,phy,522,167752,1825,https://hf-mirror.com/datasets/choucsan/Gaokao-Compass-11M/resolve/main/data/2025/henan/score-range.csv,2026-09-18T10:06:18+00:00
henan,2025,phy,521,169654,1902,https://hf-mirror.com/datasets/choucsan/Gaokao-Compass-11M/resolve/main/data/2025/henan/score-range.csv,2026-09-18T10:06:18+00:00
henan,2025,phy,520,171586,1932,https://hf-mirror.com/datasets/choucsan/Gaokao-Compass-11M/resolve/main/data/2025/henan/score-range.csv,2026-09-18T10:06:18+00:00
henan,2025,phy,519,173388,1802,https://hf-mirror.com/datasets/choucsan/Gaokao-Compass-11M/resolve/main/data/2025/henan/score-range.csv,2026-09-18T10:06:18+00:00
henan,2025,phy,518,175267,1879,https://hf-mirror.com/datasets/choucsan/Gaokao-Compass-11M/resolve/main/data/2025/henan/score-range.csv,2026-09-18T10:06:18+00:00
henan,2025,phy,517,177095,1828,https://hf-mirror.com/datasets/choucsan/Gaokao-Compass-11M/resolve/main/data/2025/henan/score-range.csv,2026-09-18T10:06:18+00:00
henan,2025,phy,516,178995,1900,https://hf-mirror.com/datasets/choucsan/Gaokao-Compass-11M/resolve/main/data/2025/henan/score-range.csv,2026-09-18T10:06:18+00:00
henan,2025,phy,515,180864,1869,https://hf-mirror.com/datasets/choucsan/Gaokao-Compass-11M/resolve/main/data/2025/henan/score-range.csv,2026-09-18T10:06:18+00:00
henan,2025,phy,514,182751,1887,https://hf-mirror.com/datasets/choucsan/Gaokao-Compass-11M/resolve/main/data/2025/henan/score-range.csv,2026-09-18T10:06:18+00:00
henan,2025,phy,513,184632,1881,https://hf-mirror.com/datasets/choucsan/Gaokao-Compass-11M/resolve/main/data/2025/henan/score-range.csv,2026-09-18T10:06:18+00:00
henan,2025,phy,512,186510,1878,https://hf-mirror.com/datasets/choucsan/Gaokao-Compass-11M/resolve/main/data/2025/henan/score-range.csv,2026-09-18T10:06:18+00:00
henan,2025,phy,511,188315,1805,https://hf-mirror.com/datasets/choucsan/Gaokao-Compass-11M/resolve/main/data/2025/henan/score-range.csv,2026-09-18T10:06:18+00:00
henan,2025,phy,510,190228,1913,https://hf-mirror.com/datasets/choucsan/Gaokao-Compass-11M/resolve/main/data/2025/henan/score-range.csv,2026-09-18T10:06:18+00:00
henan,2025,phy,509,192194,1966,https://hf-mirror.com/datasets/choucsan/Gaokao-Compass-11M/resolve/main/data/2025/henan/score-range.csv,2026-09-18T10:06:18+00:00
henan,2025,phy,508,194093,1899,https://hf-mirror.com/datasets/choucsan/Gaokao-Compass-11M/resolve/main/data/2025/henan/score-range.csv,2026-09-18T10:06:18+00:00
henan,2025,phy,507,196008,1915,https://hf-mirror.com/datasets/choucsan/Gaokao-Compass-11M/resolve/main/data/2025/henan/score-range.csv,2026-09-18T10:06:18+00:00
henan,2025,phy,506,197957,1949,https://hf-mirror.com/datasets/choucsan/Gaokao-Compass-11M/resolve/main/data/2025/henan/score-range.csv,2026-09-18T10:06:18+00:00
henan,2025,phy,505,199910,1953,https://hf-mirror.com/datasets/choucsan/Gaokao-Compass-11M/resolve/main/data/2025/henan/score-range.csv,2026-09-18T10:06:18+00:00
henan,2025,phy,504,201911,2001,https://hf-mirror.com/datasets/choucsan/Gaokao-Compass-11M/resolve/main/data/2025/henan/score-range.csv,2026-09-18T10:06:18+00:00
henan,2025,phy,503,203899,1988,https://hf-mirror.com/datasets/choucsan/Gaokao-Compass-11M/resolve/main/data/2025/henan/score-range.csv,2026-09-18T10:06:18+00:00
henan,2025,phy,502,205818,1919,https://hf-mirror.com/datasets/choucsan/Gaokao-Compass-11M/resolve/main/data/2025/henan/score-range.csv,2026-09-18T10:06:18+00:00
henan,2025,phy,501,207737,1919,https://hf-mirror.com/datasets/choucsan/Gaokao-Compass-11M/resolve/main/data/2025/henan/score-range.csv,2026-09-18T10:06:18+00:00
henan,2025,phy,500,209695,1958,https://hf-mirror.com/datasets/choucsan/Gaokao-Compass-11M/resolve/main/data/2025/henan/score-range.csv,2026-09-18T10:06:18+00:00
henan,2025,phy,499,211621,1926,https://hf-mirror.com/datasets/choucsan/Gaokao-Compass-11M/resolve/main/data/2025/henan/score-range.csv,2026-09-18T10:06:18+00:00
henan,2025,phy,498,213496,1875,https://hf-mirror.com/datasets/choucsan/Gaokao-Compass-11M/resolve/main/data/2025/henan/score-range.csv,2026-09-18T10:06:18+00:00
henan,2025,phy,497,215411,1915,https://hf-mirror.com/datasets/choucsan/Gaokao-Compass-11M/resolve/main/data/2025/henan/score-range.csv,2026-09-18T10:06:18+00:00
henan,2025,phy,496,217439,2028,https://hf-mirror.com/datasets/choucsan/Gaokao-Compass-11M/resolve/main/data/2025/henan/score-range.csv,2026-09-18T10:06:18+00:00
henan,2025,phy,495,219377,1938,https://hf-mirror.com/datasets/choucsan/Gaokao-Compass-11M/resolve/main/data/2025/henan/score-range.csv,2026-09-18T10:06:18+00:00
henan,2025,phy,494,221305,1928,https://hf-mirror.com/datasets/choucsan/Gaokao-Compass-11M/resolve/main/data/2025/henan/score-range.csv,2026-09-18T10:06:18+00:00
henan,2025,phy,493,223265,1960,https://hf-mirror.com/datasets/choucsan/Gaokao-Compass-11M/resolve/main/data/2025/henan/score-range.csv,2026-09-18T10:06:18+00:00
henan,2025,phy,492,225208,1943,https://hf-mirror.com/datasets/choucsan/Gaokao-Compass-11M/resolve/main/data/2025/henan/score-range.csv,2026-09-18T10:06:18+00:00
henan,2025,phy,491,227136,1928,https://hf-mirror.com/datasets/choucsan/Gaokao-Compass-11M/resolve/main/data/2025/henan/score-range.csv,2026-09-18T10:06:18+00:00
henan,2025,phy,490,229094,1958,https://hf-mirror.com/datasets/choucsan/Gaokao-Compass-11M/resolve/main/data/2025/henan/score-range.csv,2026-09-18T10:06:18+00:00
henan,2025,phy,489,231000,1906,https://hf-mirror.com/datasets/choucsan/Gaokao-Compass-11M/resolve/main/data/2025/henan/score-range.csv,2026-09-18T10:06:18+00:00
henan,2025,phy,488,232985,1985,https://hf-mirror.com/datasets/choucsan/Gaokao-Compass-11M/resolve/main/data/2025/henan/score-range.csv,2026-09-18T10:06:18+00:00
henan,2025,phy,487,234918,1933,https://hf-mirror.com/datasets/choucsan/Gaokao-Compass-11M/resolve/main/data/2025/henan/score-range.csv,2026-09-18T10:06:18+00:00
henan,2025,phy,486,236802,1884,https://hf-mirror.com/datasets/choucsan/Gaokao-Compass-11M/resolve/main/data/2025/henan/score-range.csv,2026-09-18T10:06:18+00:00
